ticker,std
A,0.07749431065387766
AA,0.10956407873280449
AACG,0.17691791060922388
AAL,0.11574320999218682
AAMC,0.250476201445503
AAME,0.10768562405907496
AAOI,0.1774566023733733
AAON,0.07276997678488517
AAP,0.07239011487404391
AAPL,0.06803357634035631
AAT,0.034411874574444105
AAWW,0.2038446317208875
AB,0.05171595863149249
ABB,0.062447526045084564
ABBV,0.07433939980614505
ABC,0.05700370923311336
ABCB,0.10247799932975267
ABEV,0.10659980430378876
ABG,0.06753399221177885
ABM,0.05857060301911469
ABMD,0.12170999394123
ABR,0.07577935908754901
ABT,0.03978344457754438
ABTX,0.06331698224224802
ABUS,0.2733883886978571
AC,0.09572590347160242
ACA,0.08675271047948806
ACAD,0.154890757461509
ACB,0.20607583915923242
ACBI,0.07075364124964406
ACC,0.04308341295910232
ACCO,0.1345828869172913
ACEL,0.11071100162359655
ACGL,0.0400417007562684
ACH,0.09358511510918817
ACHC,0.09604323106368046
ACIA,0.15368748065345486
ACIU,0.2283418702682582
ACIW,0.08678113212769026
ACLS,0.12685403681835922
ACM,0.0842358619769064
ACMR,0.1894745918887919
ACN,0.04404661885486166
ACNB,0.06739980653263303
ACOR,0.20784978575074062
ACRE,0.035257534307212166
ACRS,0.2935844125811281
ACRX,0.16741714786524506
ACTG,0.07299290772189426
ACU,0.10974036119598042
ACY,0.13252462980446542
ADAP,0.2399566414090957
ADBE,0.05953316969530261
ADC,0.06424354359937304
ADES,0.10271848133387622
ADI,0.09445335094862566
ADM,0.06746594875935563
ADMA,0.17375127777337002
ADMP,0.21208636428430125
ADMS,0.26432012819872874
ADNT,0.308495956050505
ADP,0.038993593914723526
ADPT,0.2526162966134608
ADS,0.12717086527498303
ADSK,0.10114410263081296
ADT,0.17808991168582558
ADTN,0.17879974876810617
ADUS,0.08041380547386051
ADVM,0.2903397727645877
ADXS,0.5112845304642617
AE,0.0731495007855436
AEE,0.031424297074537526
AEG,0.09459348773772094
AEGN,0.12887567975260875
AEHR,0.14845983449700725
AEIS,0.10310552765830243
AEL,0.1097194154447856
AEM,0.0990557069352744
AEMD,0.302686466918891
AEO,0.0967016854954405
AEP,0.022120705295895944
AER,0.08068729373491933
AERI,0.1827321373747526
AES,0.07022808329547418
AEY,0.06229749647944177
AEYE,0.25749121103359135
AEZS,0.21067587416410688
AFG,0.044652236464400384
AFI,0.14733159740284069
AFIN,0.09139273351394803
AFL,0.03618533726514684
AFMD,0.11051051656523533
AFYA,0.15123867060477622
AG,0.12982532197355753
AGCO,0.07781138442744194
AGE,0.23466734355231772
AGEN,0.24222863025568522
AGFS,0.248900885560519
AGI,0.12000323428176148
AGIO,0.1770597321872044
AGM,0.08594039782296621
AGMH,0.18778625081602188
AGNC,0.0581232408210165
AGO,0.059524850384804276
AGR,0.034043787524193375
AGRO,0.1058976550134896
AGS,0.16298900633664243
AGTC,0.25798553682027797
AGX,0.07400223866126475
AGYS,0.10400238093381091
AHC,0.09054157909654247
AHCO,0.22988819273833966
AHH,0.025143524452660077
AHPI,0.11384825407798778
AHT,0.16900763803259328
AIG,0.05754300412017296
AIH,0.09592681304254823
AIHS,0.5851669429641425
AIM,0.3983941835639463
AIMC,0.13586111623636996
AIN,0.09115876612794678
AINC,0.14785131039755015
AINV,0.06629741910940562
AIR,0.09461338725679651
AIRG,0.1410879490139739
AIRI,0.2708118231927286
AIRT,0.10393087467624669
AIT,0.07203354570909475
AIV,0.04346446937860436
AIZ,0.04953804948264974
AJG,0.03071299772268471
AJRD,0.1101292010029033
AJX,0.05409077566629839
AKAM,0.055208249767255226
AKBA,0.259766593672249
AKER,0.17700860459131254
AKR,0.06894455816500808
AKTS,0.18600481201595542
AL,0.09454584171408198
ALB,0.11822492181725885
ALBO,0.13057251264135675
ALC,0.04760313918745275
ALCO,0.08315506283220997
ALE,0.03090479607221429
ALEC,0.13525552774228655
ALEX,0.09190109117213346
ALG,0.0779972401191513
ALGN,0.16647854059844433
ALGT,0.09551244951155304
ALIM,0.3038337679166426
ALJJ,0.19361241304564142
ALK,0.06628862436894639
ALKS,0.11749054482379603
ALL,0.042914227508237736
ALLE,0.06751369091923413
ALLT,0.07038766146583354
ALLY,0.06641646647732272
ALNY,0.13732947969920567
ALOT,0.1267710908411717
ALPN,0.25681149794842745
ALRM,0.10324461970261635
ALRS,0.035190369283844315
ALSK,0.1040602455877742
ALSN,0.08026270243167971
ALT,0.18560479886010897
ALTM,0.21960864632685834
ALTR,0.09281266683127543
ALV,0.10557254808908766
ALX,0.060454137589242736
ALXN,0.12536530514638797
ALYA,0.13680467275379424
AM,0.2458636859489143
AMAL,0.07172730634884183
AMAT,0.08416487379106055
AMBA,0.12732106153795417
AMBC,0.08418923923195021
AMBO,0.19913603856087853
AMC,0.14689773148928123
AMCR,0.0680720319820605
AMCX,0.08698391837414372
AMD,0.111100584011605
AME,0.05748196764335329
AMED,0.10503434957525547
AMEH,0.1293620250905
AMG,0.09904055705018328
AMGN,0.07255749251998637
AMH,0.03726311367176865
AMK,0.10171111163879785
AMKR,0.16677414704076363
AMN,0.10291521692632448
AMNB,0.0711026239809031
AMOT,0.12359664538042874
AMP,0.09061776489037496
AMPH,0.10215553296173913
AMPY,0.21551222970170392
AMRB,0.04409298751467966
AMRC,0.06923061238611183
AMRK,0.09855842145509279
AMRN,0.14708776484258082
AMRS,0.4378028819252917
AMRX,0.2444094100198941
AMS,0.0800923136509971
AMSC,0.10618762090566894
AMSF,0.053071259492151995
AMSWA,0.06809845879641455
AMT,0.05288372848108013
AMTB,0.12867656924745643
AMTX,0.27580359068381133
AMWD,0.1226837959882369
AMX,0.05989935996034592
AMZN,0.06582001304861385
AN,0.08336230231927197
ANAB,0.22039882741210032
ANAT,0.07494346005044958
ANDE,0.1366767313384252
ANET,0.14985528895652106
ANF,0.18165571703737718
ANGI,0.15888119672401307
ANGO,0.07672441629901293
ANH,0.08294878126065981
ANIK,0.16781952563183897
ANIP,0.14276392882495875
ANIX,0.15259823035641368
ANSS,0.07298043991429028
ANTE,0.199716667678179
ANTM,0.08317010956558561
ANY,0.1103043168235111
AON,0.03879386226836624
AOS,0.09820549116567212
AOSL,0.1377103483535609
AP,0.17382210295453765
APA,0.14766918980826294
APAM,0.10275857430017481
APD,0.054821350370309586
APDN,0.2541382041908616
APEI,0.12041151486565736
APEN,0.10755283199555998
APH,0.06963638922304004
APLE,0.04765680562380521
APM,0.3790654964148076
APO,0.09281628246176814
APOG,0.10281683814268504
APPF,0.08660866957807015
APPN,0.18403015964853464
APPS,0.20183917718703145
APRN,0.24127528908023296
APT,0.0446204350236186
APTS,0.05976084581384674
APTV,0.1391182861200943
APTX,0.22840597188106054
APVO,0.19309097955101293
APWC,0.10120109038081136
APYX,0.16599821778689144
AQB,0.14877357262622182
AQMS,0.210537247379535
AQN,0.027569961882537047
AQST,0.3701002473115366
AQUA,0.11040975584238127
AR,0.19096316269396915
ARA,0.20579812594670108
ARAV,0.2216640945888655
ARAY,0.1648335943064086
ARC,0.14400224656507232
ARCB,0.08610734348065475
ARCC,0.026544885984104188
ARCE,0.1307288643848636
ARCH,0.0694764878430106
ARCO,0.10632059754460761
ARCT,0.1955103908502672
ARD,0.08622551668009883
ARDS,0.24124141626644963
ARDX,0.22105259582546016
ARE,0.041504935926527486
AREC,0.25300487133626065
ARES,0.06918672849089431
ARGO,0.07161302235495026
ARGX,0.11758026442998094
ARI,0.03663304675850217
ARKR,0.05047008953908575
ARL,0.18551931095226865
ARLO,0.18799836093021388
ARLP,0.10284102634778182
ARMK,0.06728945335412503
ARNA,0.11153619075394998
AROC,0.12399545144724489
AROW,0.06064472801688886
ARR,0.049397943193210954
ARTNA,0.04237945537952501
ARTW,0.07116161095426424
ARVN,0.2976853041575215
ARW,0.10415666344542404
ARWR,0.28038924326220416
ASA,0.07991243674779099
ASB,0.07599900171289133
ASC,0.11417099032949736
ASGN,0.09575288435828874
ASH,0.05423854554622291
ASIX,0.13988997341122208
ASLN,0.4653796246966751
ASM,0.14983276089337677
ASMB,0.23808495376701658
ASML,0.06431450663094461
ASND,0.19722743761568007
ASPN,0.2455768600001131
ASPS,0.07336569515060713
ASPU,0.1337843593616914
ASR,0.07991427137019264
ASRT,0.3251450642607291
ASRV,0.02195576029804369
ASTC,0.1791352942349128
ASTE,0.1170897628356514
ASUR,0.17660419333528313
ASX,0.09124595333837435
ASYS,0.1244694557906404
AT,0.06339549172719881
ATAX,0.06319907581722628
ATEC,0.3016295860575894
ATEN,0.07909187452706218
ATEX,0.08240063745390278
ATGE,0.0977577773883056
ATH,0.06907800940499127
ATHM,0.15216844721408396
ATHX,0.07293878371870233
ATI,0.12814061539219682
ATIF,0.09743701875546265
ATKR,0.09101023889896658
ATLC,0.1396723218661352
ATLO,0.04839319039123609
ATNI,0.08153182639383
ATNX,0.24211226505236755
ATO,0.028620777208572225
ATOM,0.24645969225591188
ATR,0.04170455990429111
ATRC,0.09706144120665856
ATRI,0.07707300065345368
ATRO,0.12235934270415326
ATRS,0.15052781158700954
ATSG,0.08223468028370777
ATTO,0.12243884377096059
ATUS,0.09119791026259952
ATV,0.14377198254422513
ATVI,0.0675341233673202
AU,0.1812140762452637
AUB,0.06553368626447557
AUBN,0.10648982518517766
AUDC,0.12603991241437865
AUMN,0.2829958354298324
AUPH,0.48238304766480594
AUTL,0.18450753661538813
AUTO,0.13120049589368937
AUY,0.14886331741717623
AVA,0.031438380829397726
AVAV,0.08292687679621272
AVB,0.032273564277622305
AVCO,0.4166042610178208
AVD,0.12783104965883207
AVDL,0.3396489188981719
AVEO,0.2733915992356546
AVGO,0.08975945582647632
AVGR,0.44359052233150037
AVID,0.204983867784372
AVLR,0.1359072087916527
AVNS,0.12606142653781927
AVNW,0.0632214698176301
AVT,0.09417193447878872
AVTR,0.1197560606508875
AVY,0.06704091000254768
AVYA,0.17102554269934672
AWI,0.060947139216117344
AWK,0.03989382069679311
AWR,0.06891305781018572
AWRE,0.11482548011692935
AWX,0.08815243854767443
AX,0.10583493768081272
AXAS,0.2320969891463709
AXDX,0.20745728266033614
AXGN,0.1712362514582624
AXL,0.2423503246476435
AXNX,0.2548762179306433
AXP,0.039946453467186054
AXR,0.11762782559601691
AXS,0.05383881382444014
AXTA,0.09861833083657634
AXTI,0.1869969124948486
AXU,0.22754817902502772
AY,0.05127607377951655
AYI,0.1030097775104383
AYTU,0.24677843307839686
AYX,0.1623537581872926
AZN,0.06807113201527434
AZO,0.04151468275638918
AZPN,0.08713640264250799
AZRE,0.07185246373815184
AZZ,0.11337595044965945
B,0.09814695209962951
BA,0.1091038826377356
BABA,0.10547963534726704
BAC,0.08639291807619244
BAH,0.05128711040620422
BAM,0.040198591853352575
BANC,0.11032595931794222
BAND,0.14314826062597627
BANF,0.060578774217705134
BANR,0.07741750362585383
BANX,0.023955759136121708
BAP,0.042105612861642876
BATRK,0.04360827852980823
BAX,0.07093201213518092
BB,0.12348203222291701
BBAR,0.3429254236231879
BBBY,0.17046517571284348
BBCP,0.19122525269469906
BBDC,0.03053657913011372
BBGI,0.09418592457040392
BBI,0.13386424277105022
BBIO,0.19968422174364867
BBQ,0.10701095207617768
BBSI,0.08572372511296056
BBU,0.09884625963708706
BBVA,0.07883968984663521
BBW,0.2022862371861512
BBY,0.10641465979052574
BC,0.08797064396524043
BCBP,0.07062715800784533
BCC,0.12041106430093262
BCDA,0.2519014229865855
BCE,0.03336874711462808
BCEI,0.13881380495041049
BCH,0.07564699424715293
BCML,0.0464677271280506
BCO,0.087149403446384
BCOR,0.1263722695418244
BCOV,0.11440225662702665
BCOW,0.024810193846298522
BCPC,0.07823482135615054
BCRX,0.2399874088959795
BCS,0.09131175718566219
BCSF,0.05933118008341742
BCYC,0.2599971638892936
BDC,0.1450302979549759
BDGE,0.09508755586093302
BDL,0.05043844116699148
BDN,0.060170916334348366
BDR,0.14221199207680957
BDSI,0.16484217461419842
BDX,0.042845533532909784
BE,0.43274001916759935
BEAT,0.11906030727817832
BECN,0.09750005241875048
BEDU,0.10458015436666779
BELFB,0.20355159455087682
BEN,0.0888619994940657
BEP,0.03714017681488483
BERY,0.10676157005413626
BEST,0.18346557985508788
BFAM,0.050338480105816034
BFC,0.09923836337228967
BFIN,0.05978241056221126
BFRA,0.13378203382806766
BFS,0.06590798075278206
BFST,0.037900737463341674
BG,0.047750347223868436
BGCP,0.09673386876040915
BGFV,0.2353739316053417
BGI,0.09412359307604791
BGNE,0.17017578523896099
BGS,0.10551102113595298
BGSF,0.13948157488932383
BH,0.19557969611162002
BHAT,0.14524372351602666
BHB,0.07882242320885062
BHC,0.1350469429933196
BHE,0.10441136360057662
BHF,0.11485972767170477
BHLB,0.07976889618425557
BHP,0.06568088649652726
BHR,0.1311502179278218
BHTG,0.20486480113130265
BIDU,0.12327586324799303
BIG,0.16998326437649947
BIIB,0.130287065742141
BILI,0.13568407464958868
BIMI,1.0461999298239668
BIO,0.05874956301320397
BIOC,0.4666367772442842
BIOL,0.3365325979851076
BIOX,0.1330370129325336
BIP,0.04375238025905943
BJ,0.09607842169539044
BJRI,0.07111852356453978
BK,0.07443635379683895
BKCC,0.07285274759418979
BKD,0.10568534022630574
BKE,0.13345815846546222
BKEP,0.3404740517699238
BKH,0.0333900678436876
BKI,0.036446985361888264
BKNG,0.07051637664766357
BKR,0.11119630372004279
BKSC,0.047372584882231644
BKTI,0.08217147136596112
BKU,0.07622016662314907
BKYI,0.38909639098965476
BL,0.10918679382637504
BLBD,0.07532132185369479
BLCM,0.21277095269716467
BLD,0.06739591899748197
BLDP,0.1446132564791871
BLDR,0.07850099447599182
BLFS,0.1353083045783916
BLIN,0.19910874645923562
BLK,0.08429698969911875
BLKB,0.06307378439357571
BLL,0.07628518859154095
BLMN,0.08861334173027255
BLNK,0.24451732591228673
BLU,0.022592554459378862
BLUE,0.1545607704779903
BLX,0.07760098068147897
BMA,0.3090866021111333
BMCH,0.0841070780650259
BMI,0.07376166261847969
BMO,0.06398488230179253
BMRA,0.19515530357291438
BMRC,0.05040528000383642
BMRN,0.08068093253445197
BMTC,0.0665933391074308
BMY,0.06753747355267879
BNED,0.24596104563669627
BNFT,0.13067222638976916
BNGO,0.2495503523159204
BNS,0.061054208387946424
BNSO,0.1278531371055075
BNTX,0.16590351432233136
BOCH,0.05137194379319231
BOH,0.060135293327112656
BOKF,0.08797007253709535
BOMN,0.06120339858674665
BOOM,0.1764837295997978
BOOT,0.1600914556856344
BORR,0.3259432776857041
BOSC,0.1827956148142874
BOTJ,0.0438064094445578
BOX,0.10666345495259491
BOXL,0.43518941221414775
BP,0.04238163376518254
BPFH,0.08343144812191441
BPMC,0.1576663735559131
BPMP,0.056053570155470404
BPOP,0.07543951454998818
BPRN,0.06721781920876203
BPT,0.14971466419773619
BPY,0.06661708580045703
BR,0.044384438031405064
BRBR,0.05913604721741216
BRC,0.0579147534259308
BRFS,0.1311471421310869
BRG,0.044373127712529166
BRID,0.1739679148633492
BRKL,0.05907820173885602
BRKR,0.09039995436254378
BRKS,0.12354833308393191
BRN,0.34634418067471906
BRO,0.039331908758261175
BROG,0.048089154461906605
BRP,0.09256522740478738
BRT,0.0787683888005996
BRX,0.06681450856866887
BRY,0.15635601254622752
BSAC,0.06684727858216002
BSBR,0.10677878975753254
BSET,0.12452639138813715
BSIG,0.12501451350676582
BSM,0.06132052838655307
BSMX,0.11962437749649626
BSQR,0.17165677131035925
BSRR,0.07161286322424373
BSVN,0.06033800768373467
BSX,0.05053990961149296
BTG,0.07905564509600471
BTI,0.08059272666972253
BTN,0.1792157769489736
BTU,0.11891823455660872
BUD,0.09014719071821575
BURL,0.07731378426061532
BUSE,0.06064283544600977
BV,0.14748635884060807
BVN,0.05361772490567467
BW,0.2452694372256609
BWA,0.1172529225605589
BWAY,0.05361746783598473
BWB,0.049641540987423634
BWEN,0.12080201203029767
BWFG,0.04055727098807315
BWXT,0.08413348695142774
BX,0.06559760530690126
BXC,0.28073744421319374
BXG,0.21849962262619102
BXMT,0.0278526636606344
BXP,0.055355089756060516
BXS,0.08450097207653168
BY,0.07585543467331311
BYD,0.12706636919306813
BYFC,0.15531050696732326
BYND,0.3092277028758982
BZH,0.1661430282844811
BZUN,0.14818125898760448
C,0.0976920350023946
CAAP,0.18334524368150049
CAAS,0.21256382381318634
CABO,0.05089691796050905
CAC,0.06836688215795715
CACC,0.058716401450299445
CACI,0.049116640967206984
CADE,0.1384400746082502
CAE,0.05772057772888331
CAG,0.10156396994501753
CAH,0.09560728041838655
CAI,0.08930561079233726
CAJ,0.037578199725755726
CAKE,0.07186764144671534
CAL,0.12980068789692584
CALM,0.06381440982088511
CALX,0.11963223308679534
CAMP,0.14595997073575281
CAMT,0.10973672488678887
CANF,0.26783670055973896
CANG,0.193408626619421
CAPL,0.08000323432136221
CAPR,0.3142988392254209
CAR,0.1808276433638263
CARA,0.1780446206210211
CARE,0.050728779112824876
CARG,0.12894986865304037
CARS,0.210757633004499
CARV,0.1369225533101457
CASA,0.2369465451885944
CASH,0.11947704077796957
CASI,0.07430379763628668
CASS,0.06294179751720608
CASY,0.07368011545412598
CAT,0.0779328207280884
CATC,0.046381199574501056
CATM,0.10973602395014302
CATO,0.09998839126660322
CATY,0.07351653923391537
CB,0.028552850663154883
CBAN,0.03882757252809197
CBAT,0.6468275462865593
CBB,0.271939687699355
CBFV,0.057938001210476285
CBLI,0.3227733143941618
CBMB,0.017750282394680628
CBMG,0.12277461758984767
CBNK,0.04596960887566718
CBOE,0.04713813683754537
CBPO,0.0691748501445081
CBRE,0.07044222549457667
CBRL,0.04739623292176544
CBSH,0.052990041601029034
CBT,0.10300103957679997
CBTX,0.07049124530184259
CBU,0.0663131793762931
CBZ,0.07703242437303838
CC,0.1898795551266405
CCB,0.060411272372017294
CCBG,0.06104677041187107
CCEP,0.03998231875770119
CCF,0.050006181167855886
CCI,0.046036384153205545
CCJ,0.0708486713790867
CCK,0.0739324693697812
CCL,0.08756760052252618
CCLP,0.11412240583247632
CCM,0.11439148404846668
CCMP,0.11159198580828447
CCNE,0.08856528840763335
CCO,0.12934977658401012
CCOI,0.05760067288485334
CCRC,0.20735312207286302
CCRN,0.1486562242743813
CCS,0.10867929973787627
CCU,0.07929581438263979
CCXI,0.7474228980574305
CDAY,0.11499242348072197
CDE,0.2121348460340769
CDEV,0.2364559178189585
CDK,0.10514308573079079
CDLX,0.22646957906304419
CDMO,0.19892870488426706
CDNA,0.1552049200154184
CDNS,0.0856118523819287
CDOR,0.09283757192227855
CDR,0.1271221902602696
CDTX,0.23875907088013526
CDW,0.05613470666876134
CDXC,0.15707304958348056
CDXS,0.10829316303232377
CDZI,0.052479003776330024
CE,0.0692576674219344
CEA,0.09605459009566887
CECE,0.10858090830120713
CEI,0.5447029006996646
CEIX,0.12703612817643886
CELH,0.1640611562727079
CELP,0.12929204095811017
CEMI,0.17792454910379252
CENTA,0.13403348647191934
CENX,0.19035227406741523
CEO,0.07910444200587351
CEPU,0.2504349794675892
CEQP,0.06349691352389189
CERC,0.27205444520430877
CERN,0.05306352525975281
CERS,0.12444543218941628
CETX,0.31555670252931445
CEVA,0.11546483174736354
CF,0.07152893891519245
CFB,0.06396391808147256
CFBK,0.03665205782008658
CFFI,0.0795189620974809
CFFN,0.028479071400208646
CFG,0.09137429502024609
CFMS,0.5374580658412718
CFR,0.06976778461759388
CFX,0.09522990365521651
CG,0.07981047061234282
CGA,0.14540867212446443
CGBD,0.06798581573247912
CGC,0.2870513962141887
CGIX,0.5764307638117048
CGNX,0.11656995795814473
CHA,0.06578778808267234
CHCI,0.14334424653965966
CHCO,0.054755891707623294
CHCT,0.06234790712751967
CHD,0.04568441964071658
CHDN,0.06327464072141574
CHE,0.05931796415230584
CHEF,0.0749979393278525
CHGG,0.14756085043774006
CHH,0.04836064199200407
CHKP,0.05901173750478232
CHL,0.061502436076598305
CHMG,0.06810269713271273
CHMI,0.08879550442688099
CHNG,0.12425504829180986
CHNR,0.17443412331063987
CHRA,0.20741719573294712
CHRS,0.20320629690874162
CHRW,0.04915359761240701
CHS,0.1928481413946311
CHT,0.019193453990642463
CHTR,0.0550275972396551
CHU,0.08256322561578691
CHUY,0.11394951174134495
CHWY,0.13668442243016088
CI,0.09227003107316277
CIA,0.07528804330561313
CIDM,0.3087731948641734
CIEN,0.10345945407684494
CIG,0.07720750964706423
CIGI,0.09058119496939379
CIH,0.16221319867065895
CIM,0.035844310988846634
CINF,0.047819191303615935
CINR,0.10594775914729547
CIO,0.05579876935178986
CIR,0.13204184958114834
CIT,0.10514289900845192
CIVB,0.061255045780042906
CIX,0.05335290630747819
CIZN,0.035651435414491194
CJJD,0.20572554287078032
CKH,0.07150930774821405
CKPT,0.4071496634458677
CKX,0.02957138142723724
CL,0.04345524496109518
CLAR,0.09779659912504239
CLB,0.1321029552669914
CLBK,0.034699872260702785
CLCT,0.12831841043693068
CLDB,0.03572275365614719
CLDR,0.21225281637127427
CLDT,0.06081352102048599
CLDX,0.49410988398167716
CLF,0.17048387423839628
CLFD,0.11532254156048458
CLGX,0.0655823705059084
CLH,0.09244720534392327
CLI,0.060166161066036464
CLLS,0.13581607859391606
CLMT,0.1865272459081807
CLNC,0.0949985099025083
CLNE,0.16837727347480896
CLNY,0.16613001712539288
CLPR,0.0763236094724895
CLPS,0.6410781559419269
CLR,0.1352204459034703
CLRO,0.1645810971822697
CLS,0.0984359993684175
CLSD,0.4379249989824604
CLSN,0.20267237229309057
CLVS,1.1382234663716884
CLW,0.21770678869755072
CLWT,0.2564144182167302
CLX,0.04227096472892044
CLXT,0.33823067690216535
CM,0.06399451994341297
CMA,0.10306713590532761
CMBM,0.13518390281637332
CMC,0.13848121746057707
CMCL,0.11643040123489955
CMCM,0.14905669945387673
CMCO,0.11603217255424933
CMCSA,0.0400082504601087
CMCT,0.061554923724239714
CMD,0.10581225602667466
CME,0.057874113335966045
CMG,0.09119511074646824
CMI,0.07230420105779513
CMLS,0.18311036156099958
CMO,0.07283748955723282
CMP,0.09690118340710277
CMPR,0.10263073539489509
CMRE,0.12757840414201865
CMRX,0.292230121516495
CMS,0.032317467535515385
CMT,0.1427286457503443
CMTL,0.13339526474181115
CNA,0.04108590015415596
CNBKA,0.09226558288896737
CNC,0.11631050801700696
CNCE,0.19401300476038072
CNDT,0.15338649028721138
CNET,0.1363400199306754
CNF,0.15309293416356815
CNFR,0.1417058676638467
CNHI,0.09775760907604661
CNI,0.04519477408110836
CNK,0.07847060061210341
CNMD,0.06639208829160066
CNNE,0.09717025611262134
CNO,0.09651428226135365
CNOB,0.0731433647109731
CNP,0.07338218998978546
CNQ,0.08942897901619357
CNR,0.210645760357288
CNS,0.0752716783180645
CNSL,0.20150935814542664
CNTY,0.09073489659475348
CNX,0.1447734991117525
CNXN,0.11868833086166168
CO,0.08467549119199759
COCP,0.18809840075220705
CODA,0.27540411562262246
CODI,0.09369365925895591
CODX,0.20494230640678693
COE,0.3214473515411359
COF,0.05795967643340629
COG,0.09203550133520612
COHN,0.16231590221726908
COHR,0.1176126994388593
COHU,0.1439092811346682
COKE,0.1111908053510094
COLB,0.08280605481315782
COLD,0.06318911845063342
COLL,0.26380101415661883
COLM,0.07549316814419017
COMM,0.18198029953989192
CONE,0.1066587044524603
CONN,0.19541009928234998
COO,0.059798123537499574
COOP,0.17718191439685183
COP,0.06927240543789075
COR,0.0636071022775878
CORE,0.10782894787954951
CORR,0.046793287547872486
CORT,0.11983635863084922
COST,0.04502318549597024
COTY,0.1618440812496332
COUP,0.11976583949435617
COWN,0.10157641000371308
CP,0.05884444921223165
CPA,0.07661590707385771
CPAC,0.05942594240217284
CPAH,0.1312923851592719
CPB,0.046232482523031616
CPE,0.1689361835428477
CPF,0.06221714533329412
CPG,0.15506089795351863
CPHC,0.05555609509643056
CPHI,0.1565077370049936
CPIX,0.10687287795189057
CPK,0.041294720753182634
CPLG,0.1203253566387502
CPLP,0.0665922003451651
CPRI,0.1566054896509398
CPRT,0.04678516010737516
CPRX,0.29728882754841907
CPS,0.18870528721375093
CPSH,0.11167277548384455
CPSI,0.12482537353184102
CPSS,0.11685184826743285
CPT,0.037353725334782394
CPTA,0.09653243890103377
CQP,0.0688963620244534
CR,0.07281970757787531
CRAI,0.12671372099782105
CRBP,0.12545905641742855
CREE,0.14291914670063058
CREG,0.2946196648377593
CRESY,0.17285921599566612
CREX,0.13940735804034118
CRH,0.047510827772825545
CRHM,0.10408332707572099
CRI,0.0984223951487576
CRIS,0.36122010136718535
CRK,0.22599347632532685
CRL,0.0811062341582528
CRM,0.05432045965268324
CRMD,0.2545261118940481
CRMT,0.09473995840513157
CRNC,0.31855089781775847
CRNT,0.18347764773405703
CRNX,0.15223961167594466
CRON,0.3056546722545897
CROX,0.16031961326920632
CRS,0.1317755041006093
CRSP,0.18233892520265826
CRT,0.08910390811090367
CRTO,0.10494466247110541
CRUS,0.11643011361939078
CRVL,0.07089077971605336
CRWD,0.21949774167532263
CRWS,0.08548120630286181
CRY,0.07865847563816436
CS,0.07353393041820898
CSBR,0.24229134898416863
CSCO,0.07501927538548767
CSGP,0.07855856716527235
CSGS,0.07196379486446955
CSII,0.06863477032926908
CSIQ,0.21465985429109172
CSL,0.05929432900594417
CSLT,0.2054836463713921
CSOD,0.06941157517362168
CSPI,0.07863265877883559
CSSE,0.22017313875597788
CSTE,0.07975875285504673
CSTL,0.3016567156648431
CSTM,0.1273083041542412
CSTR,0.06495297863857151
CSU,0.13435488887167338
CSV,0.11748446244336339
CSWC,0.031505285416485944
CSWI,0.03697035447941138
CSX,0.05631399450557777
CTAS,0.04983175518979294
CTB,0.09645204245300389
CTBI,0.05425215711526217
CTEK,0.0816548637769009
CTG,0.09123786852703246
CTHR,0.3415414812194941
CTIB,0.2411589831220362
CTIC,0.28256810856864334
CTK,0.18690394279828731
CTLT,0.09817628586386189
CTMX,0.17805553347274877
CTO,0.056473168597345795
CTRE,0.07394251179796656
CTRM,0.23141204517012987
CTRN,0.11507076443527998
CTS,0.11051271287911411
CTSH,0.06132999747911195
CTSO,0.13064546518202913
CTT,0.0915165619177339
CTVA,0.06918339596945693
CTXS,0.05294996957928276
CUB,0.10042646912508582
CUBE,0.04759331220294474
CUBI,0.11222656292231381
CUE,0.14787148590242957
CULP,0.11400645210768476
CURO,0.18450280657853438
CUTR,0.12968324624074568
CUZ,0.05287060116640408
CVA,0.08688761227581539
CVBF,0.050333630201311964
CVCO,0.12217970179827398
CVCY,0.04187812031431934
CVE,0.10860170095311165
CVEO,0.3102967241732158
CVET,0.2259183701056891
CVGI,0.18543429028199276
CVGW,0.08066241827306624
CVI,0.11754249621574654
CVLT,0.09779406998703341
CVLY,0.04509996731395375
CVM,0.420028415137992
CVNA,0.16898252232826994
CVR,0.050976999718158694
CVS,0.06826820695809088
CVU,0.0886944497694276
CVV,0.12123641579375048
CVX,0.04123460914160102
CW,0.06303607569407452
CWBC,0.023776554672267664
CWCO,0.05830021653839926
CWEN,0.06625403452254928
CWH,0.20751900368969495
CWK,0.10070139024900963
CWST,0.05750100770394983
CWT,0.05363616869826542
CX,0.08151962309719721
CXDC,0.17308609822778862
CXO,0.1277979404005745
CXP,0.05096333683676805
CXW,0.09526706719755912
CYAD,0.19023350544820866
CYAN,0.11681029585235042
CYBE,0.134530390542491
CYBR,0.13088874189971766
CYCN,0.37870770843240703
CYD,0.14023251247997723
CYH,0.24303063803242375
CYRN,0.06479448636662807
CYRX,0.126215699546331
CYTK,0.11622469579338615
CZNC,0.06806041953672598
CZR,0.13726818601298502
CZWI,0.038904042889836565
CZZ,0.10019732046771057
D,0.03426702516821074
DAC,0.2299001428720871
DAIO,0.11954844543946368
DAKT,0.0855106413510782
DAL,0.06760075600768534
DAN,0.19442090261943562
DAO,0.05355343917994436
DAR,0.10110221816422858
DAVA,0.10805517681045124
DB,0.08697164461787461
DBD,0.4396763703951361
DBI,0.07878516167718387
DBVT,0.16455650932476512
DBX,0.12330090144980017
DCI,0.06386412464133949
DCO,0.07111055007500432
DCOM,0.0803326248047624
DCP,0.11463912301970594
DCPH,0.2282473723376911
DD,0.07165511954128742
DDD,0.17116080233907544
DDOG,0.15073120487919325
DDS,0.1253100112095332
DE,0.08702975463124231
DEA,0.04268887129435918
DECK,0.08192878966679022
DEI,0.032686073525511616
DELL,0.10540196565914038
DENN,0.060339285316010904
DEO,0.03486659507441662
DESP,0.1403890026743602
DFIN,0.11358916561660833
DFS,0.0846092439452831
DG,0.050646386173390914
DGICA,0.0299839654819493
DGII,0.10794297754145543
DGLY,0.23534158549088524
DGX,0.03719208795584286
DHI,0.048642029836720044
DHIL,0.036467133046571724
DHR,0.05192756390738989
DHT,0.08980278291239424
DHX,0.1554509732629113
DIN,0.12623815075759376
DIOD,0.13934058893107598
DIS,0.0880287734727324
DISCA,0.10689470963650506
DISH,0.0830005718605254
DIT,0.07315774344524303
DJCO,0.10719855491987328
DK,0.1470221095534459
DKL,0.04314085431432364
DKS,0.0985345154350633
DL,0.13951966382065573
DLA,0.14043859271312292
DLB,0.04780560197512992
DLHC,0.1346162860723363
DLNG,0.20486463105424624
DLPN,0.33789450086967926
DLR,0.04007756080364294
DLTH,0.13235804087430172
DLTR,0.08355045962602299
DLX,0.0941847447375249
DMLP,0.07582554984299437
DMRC,0.29216509629176146
DMTK,0.4784979041683463
DNLI,0.11917929616402137
DNN,0.05573091102701906
DNOW,0.097777955894628
DOC,0.049509118900109214
DOCU,0.12808368320215024
DOGZ,0.10945597331468554
DOMO,0.20928658053512014
DOOO,0.09102214880456294
DOOR,0.10483008634593151
DORM,0.08348508290144178
DOV,0.08109662947354654
DOW,0.09561322669073713
DOX,0.03682254471561319
DOYU,0.09825485264606529
DPW,0.4551770436250852
DPZ,0.08536797074696426
DQ,0.24688110651099027
DRD,0.2656276395041477
DRE,0.03978640976362139
DRH,0.06592653889741538
DRI,0.050757891743475954
DRIO,0.2850692575344497
DRNA,0.17995876882730918
DRQ,0.12594474684808726
DRRX,0.3051784658784127
DRTT,0.18857972168820275
DS,0.08619474320608907
DSGX,0.07954216546910922
DSKE,0.22686097832912333
DSPG,0.07840845888518662
DSS,0.2694683293043184
DSSI,0.1498184311590014
DSWL,0.02609554607924966
DSX,0.08258244598453039
DT,0.21301891126689512
DTE,0.031133858764018935
DTEA,0.2153188887588909
DTIL,0.6388194129630411
DUK,0.03855741150337908
DVA,0.13015024758879348
DVAX,0.26618605571547815
DVD,0.0371061284520087
DVN,0.1427952286967091
DWSN,0.11801285613591454
DX,0.06374119381506513
DXC,0.20179864297175643
DXCM,0.16946942441281437
DXPE,0.12334881538866872
DXYN,0.4833211015450569
DY,0.1295243730394891
DYAI,0.19066303068573062
DYNT,0.1105491098233146
DZSI,0.13188765780252665
E,0.05446749677560003
EA,0.06948585036123717
EAF,0.12413879473713235
EARN,0.07660152770887363
EAST,0.13523487823973204
EAT,0.07834657874276943
EB,0.19411230347373343
EBAY,0.08136155453768001
EBF,0.05117589350524919
EBIX,0.16000623109561776
EBMT,0.059509024901690334
EBR,0.1996885845255511
EBS,0.12686109326489203
EBSB,0.04681692152125418
EBTC,0.07574028388027834
EC,0.0970091610189783
ECHO,0.09242660356601881
ECL,0.040565017798217425
ECOL,0.06542816500901558
ECOM,0.10012457907614015
ECOR,0.30127482003347794
ECPG,0.1292338561850359
ED,0.03776095811924445
EDAP,0.28523029124593763
EDIT,0.16956365805922047
EDN,0.26398476016978994
EDRY,0.08110555103503686
EDU,0.12335363013967754
EDUC,0.09838544898829697
EEFT,0.07645341143284384
EEX,0.0902785130081887
EFC,0.035437376064451125
EFOI,0.2736589420044454
EFSC,0.07410023814135863
EFX,0.06003920218238221
EGAN,0.19495239997875705
EGBN,0.11296679803764816
EGHT,0.09078313310401784
EGLE,0.1140370455788979
EGO,0.21354648314757368
EGOV,0.10802488881604876
EGP,0.04207486185756684
EGRX,0.06670167439427588
EGY,0.15993883570991263
EHC,0.06948406800101514
EHTH,0.23037650755078187
EIG,0.031726653800173456
EIGI,0.15464185982093848
EIX,0.08618294594160866
EKSO,0.27692384918235136
EL,0.06577822171987312
ELAN,0.07839362810314524
ELF,0.17412760204383992
ELLO,0.16219998812546663
ELMD,0.16257089851246906
ELP,0.10216156449957096
ELS,0.03839556557492261
ELSE,0.05782577011474759
ELTK,1.2832047229002292
ELVT,0.034501566874717525
ELY,0.08702510950864943
EMAN,0.12871035763020572
EMCF,0.03503383459665034
EME,0.06422033561013822
EMKR,0.07036161931634448
EML,0.10756323974746064
EMN,0.10893210174326276
EMR,0.0771596065473733
EMX,0.07135205124761602
ENB,0.06032845635704798
ENBL,0.07641231718119795
ENDP,0.26863546326984555
ENG,0.21629832188052991
ENIA,0.09355400753526859
ENIC,0.09745739702277373
ENLC,0.16482276592715822
ENPH,0.25275005052596683
ENR,0.09176815702970605
ENS,0.13484788814561885
ENSG,0.0801521644704337
ENSV,0.2544464198797781
ENTA,0.11996964364557798
ENTG,0.0957130837465033
ENTX,0.136166796947269
ENV,0.09566490926092762
ENVA,0.14228471691391428
ENZ,0.18041633188166853
EOG,0.1064824862416564
EOLS,0.2735497212984268
EPAC,0.06873339186305301
EPAM,0.09469636665808476
EPAY,0.08572503465785773
EPC,0.1312794653393587
EPD,0.05862427164398615
EPM,0.09515235463809733
EPR,0.056371664667041126
EPRT,0.06620210142154695
EPSN,0.04983267628608094
EPZM,0.26149181769480534
EQBK,0.07741336850385491
EQC,0.026654946770408923
EQH,0.07550368731794534
EQIX,0.04538941920055418
EQNR,0.06960002624716502
EQR,0.0405813982863921
EQS,0.07534226922035682
EQT,0.1502756049624096
EQX,0.21946054711724383
ERF,0.12087143137598227
ERIC,0.057111492638734655
ERIE,0.11795578649942091
ERII,0.08308037641777807
ERJ,0.06945401010102754
ES,0.030204004890481695
ESBA,0.04040492442309927
ESBK,0.05252244661008368
ESCA,0.07310959442570386
ESE,0.07614158485880503
ESEA,0.14428128336049523
ESGR,0.0401736285674163
ESI,0.08086119090313182
ESLT,0.04772975655321099
ESNT,0.061486302547556854
ESP,0.03692453417649998
ESPR,0.12408292345953634
ESQ,0.06611838771041112
ESRT,0.03812102920007181
ESS,0.042001612073950284
ESSA,0.03646161679912262
ESTA,0.13186901410418828
ESTC,0.15146738779471988
ESTE,0.21556861218694282
ESXB,0.07632022446841395
ET,0.05547289962019947
ETH,0.09819027014239427
ETN,0.05609265671454201
ETON,0.13598472500637931
ETR,0.028268043993924026
ETRN,0.16869486088710495
ETSY,0.14419019552815293
ETTX,0.14144394262239787
EURN,0.10733540961478762
EV,0.06097124909183165
EVA,0.0468203325615511
EVBG,0.1545282610830655
EVBN,0.05572312154092905
EVC,0.13369990435058682
EVER,0.24453720539349239
EVGN,0.13049913212146103
EVH,0.1526612853364211
EVI,0.09529274710245966
EVK,0.11604044864180947
EVOL,0.16639672814682896
EVOP,0.04845072134435027
EVR,0.11516052549807346
EVRG,0.03239996125231503
EVRI,0.1813973063493794
EVTC,0.07886565323037999
EW,0.07468300818078914
EWBC,0.10645301214161451
EXAS,0.16247558285860192
EXC,0.04189111428914685
EXEL,0.10696408707641508
EXFO,0.10474358260865899
EXK,0.1348785954479064
EXLS,0.04646821763141888
EXP,0.07361672269440654
EXPD,0.0593822713128483
EXPE,0.10487236390965925
EXPI,0.1830268525605042
EXPO,0.07317202708540935
EXPR,0.23696085611027645
EXR,0.050777099368144535
EXTN,0.2456640950641688
EXTR,0.16726917025151042
EYE,0.1236190466204786
EYEG,0.34138325552166177
EYES,0.1343414638628395
EYPT,0.19152692930196766
EZPW,0.17503257090045476
F,0.08933800438422643
FAF,0.06396671603690043
FAMI,0.25880611170749335
FANG,0.09377094374878542
FANH,0.1027718819163529
FARM,0.11308876695479556
FARO,0.12552597199357518
FAST,0.07847821242302627
FAT,0.1317922712245113
FATE,0.13331970943653612
FB,0.09867469504060329
FBC,0.06748200572335539
FBHS,0.08909477607938843
FBIO,0.4462017371771445
FBIZ,0.06176073524417853
FBK,0.07129183663114891
FBM,0.14793172640995167
FBMS,0.04587857507785352
FBNC,0.06636872372221084
FBP,0.09530155224541918
FBSS,0.04602440430794857
FC,0.07769087292051438
FCAP,0.06066745206220298
FCAU,0.10180216494047747
FCBC,0.04920015245141446
FCBP,0.07030679692970768
FCCO,0.05278685313505168
FCCY,0.04930089551917312
FCEL,1.0519524768104913
FCF,0.0731508601993272
FCFS,0.07138268526809098
FCN,0.07325841795021362
FCNCA,0.0580484973816304
FCPT,0.04561913565167648
FCX,0.12980848836674977
FDBC,0.08195163739004298
FDP,0.13683647444768784
FDS,0.059367313718952666
FDUS,0.06736624126567514
FDX,0.08061008177016338
FE,0.02233425671864283
FEDU,0.1691638921612751
FEIM,0.1078693295279553
FELE,0.0732687167517418
FENG,0.14138567543361025
FET,0.24771291383647331
FEYE,0.08025019168045644
FF,0.14848642862156758
FFBC,0.07826940514595415
FFBW,0.0403834276720718
FFG,0.06366842018894502
FFHL,0.2784297234978939
FFIC,0.05583449566243782
FFIN,0.06816632760699554
FFIV,0.0779532529210276
FFNW,0.06061180934507179
FFWM,0.07648029890524986
FGBI,0.0837913498747986
FGEN,0.14489437853335851
FHB,0.05849848910532699
FHN,0.07800240694591457
FI,0.0920660328650863
FIBK,0.05716480103963903
FICO,0.09338185514116787
FINV,0.10040350607424027
FIS,0.02813948722947664
FISI,0.05926453254144557
FISV,0.059624163606610686
FIT,0.23307603135457752
FITB,0.08055646048932502
FIVE,0.09292171058685028
FIVN,0.12364975331323652
FIX,0.10537709426061531
FIXX,0.21219063822435852
FIZZ,0.11612989403807897
FL,0.12351155843544163
FLDM,0.27091062596440224
FLEX,0.1263418263280277
FLGT,0.2255895821411892
FLIC,0.06529913699833462
FLIR,0.0784751460080988
FLL,0.15897184507124543
FLMN,0.1125227395461455
FLNG,0.12021660447167853
FLNT,0.27876207781888396
FLO,0.0353599473162015
FLOW,0.104156944498071
FLR,0.19394057304228451
FLS,0.08732142002846653
FLT,0.059464898538587836
FLWS,0.14244193401403638
FLXN,0.16938491306996528
FLXS,0.11294163825850567
FLY,0.08484071210799933
FMAO,0.0850216415082066
FMBH,0.04301567574619182
FMBI,0.07710533893769594
FMC,0.056606008507168536
FMNB,0.06834488891726752
FMS,0.07592981249108822
FN,0.128151632534648
FNB,0.0941884574200801
FNCB,0.12300533148321441
FND,0.16000861755114562
FNF,0.055032205659848656
FNHC,0.097652597813821
FNKO,0.15910800461843236
FNLC,0.05051160363598436
FNV,0.06241812735890452
FNWB,0.032725356702340995
FOCS,0.184218547434998
FOE,0.17530848385683398
FOLD,0.15346342339944485
FONR,0.07952950296411827
FOR,0.07253218065587831
FORD,0.0813482205549362
FORM,0.10751946754580462
FORR,0.11190080939382176
FORTY,0.04765580470693105
FOSL,0.1486466973693348
FOXA,0.06601787228828818
FOXF,0.11058496874222871
FPAY,0.18183488840395504
FPH,0.09217513180091011
FPI,0.12124314195647219
FPRX,0.17991847769012867
FR,0.042980138171513874
FRAF,0.07822960845242066
FRBA,0.03908608060500063
FRBK,0.07332457191869998
FRC,0.07023285938344133
FRD,0.06510080770125715
FREQ,0.07779659517292514
FRGI,0.13834825655205207
FRHC,0.06165264025165507
FRME,0.07551655039484972
FRO,0.11669973735146756
FRPH,0.0881814536913156
FRPT,0.050828566842824274
FRT,0.04558860592587968
FRTA,0.1724316910265197
FSBW,0.06742029579026607
FSEA,0.02851699051968843
FSFG,0.043872681542473244
FSI,0.20326054140726438
FSK,0.0814017187760613
FSLR,0.09490084071713055
FSLY,0.2229730398074
FSM,0.16500748917519323
FSP,0.08344765632400768
FSS,0.09382931597401484
FSTR,0.11699403899613343
FSV,0.0838738479660756
FTAI,0.060599398612565004
FTCH,0.19263474116770837
FTDR,0.0660659772121205
FTEK,0.26122144821935694
FTFT,0.2525837396799267
FTI,0.12910988340694937
FTK,0.42032089884006446
FTNT,0.12154680564953592
FTS,0.035071366437421266
FTSI,0.21642452457463332
FTV,0.06989868857848783
FUL,0.10275271121141016
FULT,0.06344588040188029
FUN,0.06859398853243541
FUNC,0.045544867116161264
FUSB,0.08259069800413729
FUTU,0.008790711461537114
FUV,0.20620528273712332
FVCB,0.05671693010962957
FVE,0.24263641757206306
FVRR,0.14610366639672898
FWONK,0.048161867170653135
FWRD,0.0593628848194167
FXNC,0.0482342157860994
G,0.04448694024322808
GABC,0.04621572303848223
GAIA,0.1636727809860873
GAIN,0.08511094648430687
GASS,0.0862336138167798
GATX,0.06097904983357858
GBCI,0.05553214709019425
GBDC,0.04306883921541926
GBL,0.1313122064666934
GBLI,0.10771654882519495
GBR,0.1402886000324353
GBT,0.14583882921191296
GBX,0.16120601748663574
GCBC,0.03334146346824844
GCI,0.16154215049855247
GCO,0.1070126823232776
GCP,0.10777948669681438
GD,0.06310754066790683
GDDY,0.06821772728345395
GDEN,0.13562899420720886
GDOT,0.1536670420318248
GDP,0.07857638312187161
GDS,0.10476294022172876
GE,0.13445651257571248
GECC,0.03623441152088925
GEF,0.06272971300234094
GEL,0.07083984029094766
GENC,0.110443901498748
GENE,0.17501548576424733
GEO,0.11107316465967444
GEOS,0.19420313593157834
GERN,0.1386289258957163
GES,0.11730730328845944
GEVO,0.18040089806157908
GFED,0.03223324097637265
GFF,0.18587662842968283
GFI,0.15565936560816981
GFN,0.09715182763681929
GGAL,0.2988295693457327
GGG,0.05478736429162044
GH,0.22278480467237682
GHC,0.054383127093308725
GHG,0.12257442946408917
GHL,0.143889194990135
GHM,0.08413637285703418
GHSI,0.8637054626025173
GIB,0.029009105694147875
GIFI,0.12178549249580992
GIGM,0.0701076977038423
GIII,0.2019819521912037
GIL,0.10792910697512031
GILD,0.056545402536101
GILT,0.0447851201435558
GIS,0.05913666196878723
GKOS,0.12438698689890304
GL,0.03685524454809654
GLAD,0.06349954232452579
GLBS,0.21063732756673148
GLBZ,0.046687819484120464
GLDD,0.08258384241938613
GLG,0.4433698089425121
GLNG,0.11202116262807421
GLOB,0.08974150896256863
GLOG,0.11934807881596003
GLOP,0.09561749390370071
GLP,0.049050641024677946
GLPG,0.12954351922537635
GLPI,0.05461510322329263
GLRE,0.1120229938729775
GLT,0.1209205320286151
GLUU,0.19287815446184167
GLW,0.07584208530388932
GM,0.09042089970441602
GMAB,0.06610186899929532
GME,0.18279764162957174
GMED,0.07212228274441368
GMLP,0.09331518070967224
GMRE,0.05286599192490902
GMS,0.16974848231311543
GNE,0.16755689091069662
GNFT,0.14388642703187815
GNK,0.15838200462487026
GNL,0.04932111858102302
GNLN,0.19368863176316187
GNMK,0.13473537815052003
GNRC,0.09108012238965837
GNSS,0.08001908102446567
GNTX,0.06790566447118183
GNTY,0.03543778277093104
GNUS,0.20555971223680675
GNW,0.13742822332855223
GO,0.11322361037772408
GOGL,0.14706146601429188
GOGO,0.21305930998374606
GOLD,0.1120349333195191
GOLF,0.06294053331440334
GOOD,0.0451599808083004
GOOGL,0.05107780444687923
GOOS,0.18289844455547075
GORO,0.18584706037514645
GPC,0.06296119023796977
GPI,0.10709107422030602
GPK,0.06046933718510614
GPL,0.1450519111441424
GPMT,0.03623276680985003
GPN,0.05129156900793204
GPP,0.06274785092076256
GPRE,0.1679568684749198
GPRK,0.12006164632649674
GPRO,0.17432681299049851
GPS,0.11312451127207336
GPX,0.14163979953418224
GRA,0.06257633085401791
GRBK,0.08503284188263005
GRC,0.07679339956145023
GRFS,0.08210356309711793
GRIN,0.12734783223006574
GRMN,0.07747740165344794
GRNQ,0.13532102400005788
GROW,0.222913921359929
GRPN,0.11796826079334247
GRTS,0.11483722361224909
GRVY,0.2836773138060963
GS,0.0796847842934993
GSAT,0.17102422954930047
GSBC,0.07255690391492527
GSBD,0.05376653104070892
GSHD,0.1338563593106488
GSIT,0.1546020495186388
GSK,0.030891247561429358
GSKY,0.19650961533834482
GSL,0.13152617599558927
GSM,0.2857157315567345
GSS,0.1317376390996054
GSUM,0.32332695316026705
GT,0.14849570935797193
GTE,0.13157788538490667
GTES,0.15528826576246885
GTIM,0.08240003168297971
GTLS,0.11981598700162781
GTN,0.15479736214473971
GTS,0.17509610466999562
GTT,0.24307902592047503
GTY,0.03811857642656502
GTYH,0.11521807506962611
GURE,0.20170276618216687
GVA,0.1594583697397556
GVP,0.2161381493815023
GWB,0.10438445538441782
GWGH,0.1977538777610641
GWPH,0.18914043997941335
GWRE,0.06725893437120455
GWRS,0.07800380473524507
GWW,0.05509463753335544
H,0.05099748658713041
HA,0.10132409719532155
HAE,0.0946858030983862
HAFC,0.08924375477865343
HAIN,0.09280762555839837
HAL,0.1260934956180604
HALL,0.09196891738611607
HALO,0.10945998091111017
HAPP,0.07987548910961359
HARP,0.2201191343190723
HAS,0.11191556542593198
HASI,0.06126849059374944
HAYN,0.10670196398930172
HBAN,0.07965470716197887
HBB,0.11579769363341474
HBCP,0.04589981251587444
HBI,0.1310338448377735
HBIO,0.1812280127415879
HBM,0.18253323637952026
HBMD,0.06971455680454797
HBNC,0.05843287840891903
HBP,0.14903831300615186
HBT,0.030804399815610756
HCA,0.07291753610524077
HCAP,0.050320807214583436
HCAT,0.17144966751644636
HCC,0.08186738958698928
HCCI,0.09521757763729151
HCHC,0.13964649651332814
HCI,0.052703420393286765
HCKT,0.0647377060555387
HCM,0.14003668045029444
HCSG,0.08916182126982107
HD,0.050830657020879064
HDB,0.07144088046955434
HDSN,0.32641118195135227
HE,0.029451770108865353
HEAR,0.20333012677476603
HEES,0.16744871335940356
HEI,0.09067365338612073
HELE,0.10008474544604687
HEP,0.05616537137363091
HES,0.11653278243832584
HESM,0.10529316334639637
HEXO,0.18796745633186807
HFBL,0.04201553433381587
HFC,0.12420748306167044
HFFG,0.43310212179629703
HFWA,0.05189214083514521
HGSH,0.10973001538100298
HGV,0.11106439112951413
HHC,0.1008211301423181
HHR,0.09061862781222979
HI,0.10517513876772688
HIBB,0.15838509707604398
HIFS,0.06993971094493176
HIG,0.03910794121402966
HIHO,0.11639560724564882
HII,0.06397141065345069
HIL,0.08436900653940978
HIMX,0.166225148420521
HIW,0.05960963684038365
HJLI,0.25786905734141796
HKIB,0.11915267716778337
HL,0.21941498562120026
HLF,0.10519292260626173
HLG,0.17948150934719004
HLI,0.06850453178965388
HLIO,0.08096139977350758
HLIT,0.12556538457965383
HLNE,0.10328766850785179
HLT,0.045942632616336826
HLX,0.13819590838634577
HMC,0.07172870197481915
HMG,0.036117445410665805
HMHC,0.1375267542879192
HMLP,0.08929440571350074
HMN,0.06532545805774764
HMNF,0.04528441129623934
HMST,0.07322527952019443
HMSY,0.08029345719311586
HMTV,0.05584861384433219
HMY,0.2027722082548991
HNGR,0.08145195416498892
HNI,0.07372295127192362
HNNA,0.09190730023841216
HNP,0.0587249887193766
HNRG,0.09789905099684743
HOFT,0.12315634763802424
HOG,0.08064590608346296
HOLI,0.09661096561432257
HOLX,0.052724942923370974
HOMB,0.0765443753854685
HOME,0.3021724974790889
HON,0.0478442292447347
HONE,0.04805691075078683
HOOK,0.22317088216171768
HOPE,0.09070856292958235
HOV,0.470809030466127
HP,0.11467924876988095
HPE,0.08638469609236175
HPP,0.047162725245749534
HPQ,0.08894183040344489
HPR,0.252234484401765
HQY,0.158400151233858
HR,0.04843805237964604
HRB,0.07678718103994056
HRC,0.053901891383790985
HRI,0.2043788323986522
HRL,0.04923000004331862
HROW,0.23465470773044508
HRTG,0.07702193832116924
HRTX,0.11755366295041855
HRZN,0.040031938644775764
HSBC,0.04914960813648159
HSC,0.11484956494406456
HSDT,0.37882864591059445
HSIC,0.05369104778456595
HSII,0.11938130548573034
HSKA,0.12911042732964068
HSON,0.09504351328972716
HST,0.06435358268493188
HSTM,0.06861446978987344
HSY,0.05100583038947309
HT,0.07043645694503449
HTA,0.04693418241658883
HTBI,0.03531938685882491
HTBK,0.07263293654767015
HTBX,0.21258941497728986
HTGC,0.06210854851326219
HTGM,0.23883095987437467
HTH,0.05508776474587592
HTHT,0.1435902044942376
HTLD,0.053812257182361406
HTLF,0.06986224496995802
HUBB,0.0632415639622105
HUBG,0.08093422168215035
HUBS,0.11942994325342013
HUM,0.09463275351025045
HUN,0.11942445157390205
HURC,0.07003998538605492
HURN,0.06815194668394005
HUSA,0.0727835226330712
HUYA,0.16261349171792902
HVBC,0.04523622687516626
HVT,0.12393595906011907
HWBK,0.06677230888942094
HWC,0.0986924835772024
HWCC,0.11732741938704151
HWKN,0.08362162286857533
HXL,0.07766691767408065
HY,0.15550636133397674
HYRE,0.3005033673980135
HZN,0.3126261381558529
HZNP,0.11728970586656422
HZO,0.06885953074914485
IAA,0.14121651258369186
IAG,0.13602107376621886
IART,0.09674501467490183
IBA,0.06072086213623932
IBCP,0.055528626339701966
IBIO,0.4484770407810412
IBKR,0.08090485703080033
IBM,0.07855117119215405
IBN,0.06662764813612675
IBOC,0.07523266912411042
IBP,0.09451842117136358
IBTX,0.09513946515972636
ICAD,0.1434517062869465
ICBK,0.07236966026525958
ICCC,0.07023117621998384
ICCH,0.019097374410207188
ICD,0.17241502121517366
ICE,0.02831651084735162
ICFI,0.0647653005411217
ICHR,0.12509182537555313
ICL,0.07880284096786144
ICLK,0.24558313349911148
ICLR,0.04902000827514674
ICMB,0.05160622989765867
ICON,0.4114413250501955
ICPT,0.20006473300727626
ICUI,0.13698428710544827
IDA,0.031553865862660756
IDCC,0.08590494506438584
IDEX,0.3472902195721137
IDN,0.15745937161315804
IDRA,0.15711852511940458
IDT,0.20595771432393079
IDXG,0.15774951404132034
IDXX,0.0695708157079729
IEA,0.2857915377150588
IEC,0.13647605909160127
IEP,0.0849829943270292
IESC,0.07272348515917652
IEX,0.0526756493097574
IFF,0.10786331733459824
IFMK,0.31340078293141316
IFS,0.03787227240343521
IGC,0.2642086740675719
IGT,0.12139051347123714
IHC,0.049246851320360545
IHG,0.05155322784555255
IHRT,0.0817890521157936
IHT,0.06701685889318516
III,0.08660828043850745
IIIN,0.10765788963825938
IIIV,0.14589975863419086
IIN,0.09955771559829762
IIPR,0.20686002537484943
IIVI,0.1307858789408602
IKNX,0.05276213803843021
ILMN,0.10041726510944524
ILPT,0.04984715135716627
IMAC,0.1822655572650948
IMAX,0.07276550214569505
IMBI,0.14590936192227924
IMGN,0.2690131396719341
IMH,0.2252506945296359
IMKTA,0.08367451979758271
IMMP,0.11312104034000953
IMMR,0.10464335198226084
IMO,0.06714156807431051
IMOS,0.08709646104994304
IMRN,0.1816964775485355
IMV,0.14151267170466547
IMXI,0.09141805367733179
INBK,0.06939051023467682
INCY,0.1086531891168995
INDB,0.0901989461674564
INFI,0.17769545550870727
INFN,0.1925268176662591
INFO,0.031119362561633942
INFU,0.1335009758141615
INFY,0.0668587651639067
ING,0.09519982163132641
INGN,0.196523073274238
INGR,0.08857686686338219
INMD,0.38478651981325956
INN,0.04457427299658675
INO,0.21457340264912664
INOD,0.14685447956836542
INOV,0.07253022964003604
INPX,0.5819711399267982
INS,0.3364833730895138
INSE,0.14513749744638701
INSG,0.1199991980867145
INSM,0.28552502740385066
INSP,0.11635724779821084
INSW,0.10531488515817121
INT,0.07879587267854986
INTC,0.07510866888407675
INTG,0.06190827705143532
INTT,0.12421315539865699
INTU,0.06387804828301323
INUV,0.21982962171581813
INVA,0.09660888171490521
INVE,0.15363852579140452
INVH,0.03409241707432457
IO,0.31152738378886263
IONS,0.10856326638668097
IOR,0.07889437050139006
IOSP,0.07756585483214189
IP,0.07532427883189757
IPAR,0.07500706699593934
IPG,0.07294909431609058
IPGP,0.14847083232036357
IPHA,0.02237356566352355
IPHI,0.09208038995006516
IPI,0.16080043774099925
IQ,0.1769443338245924
IQV,0.07041281722053036
IR,0.05039411274861079
IRBT,0.17703521568671704
IRCP,0.2198754556253484
IRDM,0.12412590348912843
IRIX,0.1510274391294509
IRM,0.06633754124037294
IRMD,0.1396758056055001
IROQ,0.032347637031399236
IRS,0.2005529903394196
IRT,0.05904629780782709
IRTC,0.1269619061869693
IRWD,0.13368629075458596
ISBC,0.06809376875170448
ISDR,0.10516207916394262
ISIG,0.10257147478606261
ISNS,0.07007210012827048
ISR,0.31305037864345514
ISRG,0.06919623430565665
ISSC,0.15860951449412047
ISTR,0.04225501787765459
IT,0.06692425424466489
ITCB,0.1196929762254117
ITCI,0.7467756732894891
ITGR,0.10930419550030868
ITI,0.08319989317678711
ITIC,0.07286750567873795
ITMR,0.14060980287493394
ITP,0.2959934165216374
ITRI,0.07881191452511249
ITRM,0.3493112642448904
ITRN,0.07799177729482808
ITT,0.08144722258765136
ITW,0.055523127463752084
IVAC,0.11139724929387809
IVC,0.32144336216547137
IVR,0.05445146696885775
IVZ,0.08725344489904109
IX,0.03654865062550811
IZEA,0.28435170641313307
JACK,0.0835599396214351
JAGX,0.37405936655668426
JAKK,0.22929333057188994
JAN,0.2601721570862583
JAX,0.08671438218483121
JAZZ,0.08820204357541149
JBGS,0.04182994154329112
JBHT,0.07498257954831707
JBL,0.13031048942950088
JBLU,0.08620288086095078
JBSS,0.07799226766257994
JBT,0.10550293979603631
JCI,0.047566488097204686
JCOM,0.05458543884333712
JCS,0.14785616478401015
JCTCF,0.05514833973818965
JD,0.09831689122620978
JEF,0.10254074382066601
JELD,0.1592331776121012
JFIN,0.3234874093596814
JFU,0.06465592615981411
JG,0.22279713689368344
JHG,0.09537059741393523
JHX,0.06690015378407835
JILL,0.27141393850599
JJSF,0.048881280218923365
JKHY,0.05578012292352568
JKS,0.24777457231088285
JLL,0.1041643826812028
JMIA,0.180031632326447
JMP,0.07219447631392878
JNCE,0.2737175694777706
JNJ,0.041984498754410425
JNPR,0.06880333556677057
JOB,0.5848572548626846
JOBS,0.10565640134499302
JOE,0.07471566709314884
JOUT,0.09502172047879369
JP,0.15797600238382487
JPM,0.0652137958584894
JRJC,0.22590652139761194
JRSH,0.062429224950168866
JRVR,0.10467204602265202
JT,0.21367600994260544
JVA,0.24044092397754227
JWN,0.10314871059609211
JYNT,0.17498144859304282
K,0.058191744818250846
KAI,0.08821156694904621
KALA,0.22043602103700927
KALU,0.08038971789842204
KALV,0.21076671578978168
KAMN,0.07077040637737064
KAR,0.08737218423966868
KB,0.07546419760550313
KBAL,0.06940790624709883
KBH,0.06684692096867606
KBR,0.07764061482722814
KBSF,0.1592431598208215
KDMN,0.206325506694519
KDP,0.06090490836834138
KE,0.09362276304512994
KELYA,0.07737159109967594
KEN,0.0814824615081322
KEP,0.07021409250846926
KEQU,0.10164381650601818
KERN,0.5637727014913098
KEX,0.0622278435727906
KEY,0.07990446343029488
KEYS,0.09621954910937074
KFFB,0.052972277728257994
KFRC,0.07132847440963574
KFS,0.17619342083037348
KFY,0.07558313416665483
KGC,0.10171868260100173
KHC,0.14262794006304932
KIDS,0.09380174247493131
KIM,0.06497838992258748
KIN,0.1159921994233259
KINS,0.08705562035687125
KIQ,0.26969862448239695
KIRK,0.19211451721509198
KKR,0.06472776180888597
KL,0.13301803927933872
KLAC,0.09737817306192793
KLIC,0.0948475832801812
KLR,0.12579924612055512
KLXE,0.17643316357244693
KMB,0.036248224307919866
KMDA,0.14114069375205227
KMI,0.05917180897945841
KMPR,0.11075627861739597
KMT,0.12303075021393857
KMX,0.0723450843314998
KN,0.09206201559308054
KNDI,0.20035906110024
KNL,0.10947279027183657
KNOP,0.03808678809421101
KNSL,0.06142921733305346
KNX,0.1125588046121657
KO,0.03187656553909442
KODK,0.21610442674323618
KOF,0.047061093613337684
KOP,0.10419159506874678
KOPN,0.17648620846185806
KOS,0.11026057766652622
KOSS,0.08896246013547546
KPTI,0.29209813795910144
KR,0.08924202177378505
KRA,0.19998079429459462
KRC,0.04627276303934588
KREF,0.0348092292028561
KRG,0.08726363214729191
KRMD,0.08561931749319192
KRNT,0.0873240453790138
KRNY,0.04775060860249942
KRO,0.1280882876254133
KRP,0.09681009228705852
KRUS,0.2664265242914076
KSS,0.11711927399602536
KSU,0.049357525466787185
KT,0.031394707858413834
KTB,0.09399066159439659
KTCC,0.12545958492783701
KTOS,0.1419158238978517
KVHI,0.09504642048541811
KW,0.04106551399085775
KWR,0.10958972101005006
L,0.05239435835774399
LAD,0.09155650542643878
LADR,0.055847087261068996
LAIX,0.3535676114290718
LAKE,0.07656081152730618
LAMR,0.04811269406953624
LANC,0.061971806896117664
LAND,0.034956516334800174
LARK,0.045404417424509375
LASR,0.2123741541039212
LAUR,0.0675411970333438
LAWS,0.08985533848101558
LAZ,0.0908894923174274
LAZY,0.10361873759572551
LB,0.1517453170751652
LBAI,0.06782476342948165
LBC,0.05550231345458139
LBRDK,0.06142080146915729
LBRT,0.16582542574638454
LBTYK,0.07782108693177206
LC,0.09744044234591806
LCI,0.2550035798045071
LCII,0.0912234812637557
LCNB,0.05185947807091659
LCTX,0.14591702139469542
LCUT,0.12579721914002565
LDL,0.18442803179467887
LDOS,0.049437150577702434
LE,0.24178960699903956
LEA,0.12719648140788117
LEAF,0.16910093427317485
LECO,0.060752614860297455
LEDS,0.12405828207189067
LEE,0.16278564396413517
LEG,0.1068521889880851
LEGH,0.08991326278592389
LEJU,0.1667022419864096
LEN,0.07545088681246814
LEU,0.19485724176313765
LEVI,0.1053917198052105
LEVL,0.04909195519974055
LFC,0.09808924553073022
LFUS,0.0923596974201295
LFVN,0.1052238173250095
LGIH,0.11148944093537887
LGL,0.10130346675044784
LGND,0.0982095207979148
LH,0.04051433581293956
LHCG,0.07269943292695973
LHX,0.04530483138363943
LIFE,0.20130282722763956
LII,0.04780866366902741
LILAK,0.09302095789887484
LIN,0.03849359536181036
LINC,0.1946661876044593
LIND,0.07575787166101
LINX,0.13180115379869278
LIQT,0.20674040835748145
LITB,0.3028795653235262
LITE,0.1633329321415914
LIVE,0.11323790277378887
LIVN,0.11322284169550798
LIVX,0.16272928668432085
LJPC,0.36579318946543476
LKCO,0.3321861569870944
LKFN,0.0667559655929148
LKQ,0.08117213106035093
LL,0.1856840509915399
LLIT,0.15439642076015056
LLNW,0.17447807919367303
LLY,0.054799470066213954
LMAT,0.10072587272108514
LMB,0.26994259519873626
LMFA,0.12611504047820063
LMNR,0.07558401935890265
LMNX,0.08645044259044213
LMRK,0.1338805839853754
LMST,0.038552998647277355
LMT,0.05009403011065562
LNC,0.10746113988741007
LND,0.07548836343718311
LNDC,0.09870473284080272
LNG,0.06015354014948041
LNN,0.07490913708696448
LNT,0.02170514540309963
LNTH,0.15143739970153886
LOAN,0.04399767907170751
LOB,0.10492267029478368
LOCO,0.14650789955894614
LODE,0.2913864949887317
LOGI,0.061533898143440194
LOMA,0.22305711530328787
LOPE,0.12206596762170954
LOV,0.21225013059615144
LOVE,0.20073332121700824
LOW,0.07294652508323955
LPCN,0.3495345657190777
LPG,0.1206620042930778
LPI,0.1502306810832927
LPL,0.10566202357215972
LPLA,0.07900069773507565
LPSN,0.1215235793544349
LPTH,0.16802076201224136
LPX,0.08231153790418154
LQDA,0.24943795124342075
LQDT,0.16402396194542043
LRCX,0.10412482700029282
LRN,0.1240096400628401
LSBK,0.024656184990082132
LSCC,0.16706840959181324
LSI,0.033724030885619864
LSTR,0.056826909213950796
LSXMK,0.06330713242430017
LTC,0.061681128283992685
LTHM,0.1471936130451843
LTRPA,0.1485488104318822
LTRX,0.0856856978672195
LUB,0.15058089297991556
LULU,0.07047881786808952
LUNA,0.12720394554832254
LUV,0.08535283772470069
LVS,0.08721710963551958
LW,0.07175120230282916
LWAY,0.2760028875947293
LX,0.1467726039382629
LXFR,0.14112805739992765
LXP,0.05538904248127444
LXRX,0.4689424685152479
LXU,0.21048630810899807
LYB,0.09234948288464102
LYFT,0.14543525126218348
LYG,0.0917066615577113
LYL,0.2090798926876163
LYTS,0.1201091037761148
LYV,0.06170759255700888
LZB,0.0721015202592634
M,0.12700238170860847
MA,0.04081099811436751
MAA,0.03534945571266718
MAC,0.07050677112997192
MAGS,0.08673654309891535
MAIN,0.039048253143231376
MAN,0.09999266086201103
MANH,0.10584554114923427
MANT,0.05517019423146776
MANU,0.05450694134299027
MAR,0.07273206561752818
MARA,0.3345315200539949
MARK,0.27337118107641417
MARPS,0.10614885625424013
MAS,0.07245060329939958
MASI,0.0670107853930427
MAT,0.18663066053691976
MATW,0.10401000745980109
MATX,0.08365776913236776
MAXR,0.3093935778205586
MAYS,0.045863180241657774
MBCN,0.053600846755735294
MBI,0.042752627047671264
MBII,0.07475935626997811
MBIN,0.10610967434758958
MBT,0.09916597998794595
MBUU,0.1370716923248118
MBWM,0.07379879941127399
MC,0.11896033694993649
MCB,0.09251048699553752
MCBC,0.050938912975977836
MCBS,0.1704000063438966
MCD,0.035746793415315906
MCEP,0.17751318958285547
MCF,0.5786374804356625
MCFT,0.11264161699763063
MCHP,0.1062820631433169
MCHX,0.1851488957152275
MCK,0.06726388089181881
MCO,0.05971962245277105
MCRB,0.24839429668687685
MCRI,0.059561232940257676
MCS,0.07527983781058431
MCY,0.07203179877391694
MD,0.10814779830230647
MDB,0.16377574943667778
MDC,0.07539753078828045
MDCA,0.19404632606070923
MDGS,0.09547074104996142
MDJH,0.12430379182580364
MDLA,0.1242110498977446
MDLY,0.16624040341195093
MDLZ,0.05163968093052145
MDP,0.09058349745333744
MDRR,0.13261639582337403
MDRX,0.13066690174809753
MDT,0.02836410250170579
MDU,0.03535498395580391
MDWD,0.12608300728809813
MEC,0.14656710706573645
MED,0.12883735363980856
MEDP,0.12331632946511992
MEI,0.07777908847829956
MEIP,0.14121022095344124
MELI,0.11789359210241498
MEOH,0.11932064143113663
MERC,0.1392315408728144
MESA,0.16393314263544553
MESO,0.15908225001063747
MET,0.06161550439344866
METC,0.12296461184779461
MFA,0.03920531841665764
MFC,0.06649164523229192
MFG,0.047540541059949315
MFGP,0.1652830295569244
MFIN,0.17119283605621383
MFNC,0.06621560709067285
MG,0.08143006323499045
MGA,0.1064717240111266
MGEE,0.04038972993637533
MGI,0.427412786267774
MGIC,0.07278465547842922
MGLN,0.09069352490313773
MGM,0.09427403718544372
MGNX,0.2544503791417023
MGP,0.05682990597068031
MGPI,0.1670891027056894
MGRC,0.08824061342728035
MGTX,0.19569068296094147
MGY,0.09944612877545432
MGYR,0.033013482579436045
MHH,0.16259448174373925
MHK,0.08695676415618943
MHLD,0.2690729040743278
MHO,0.11076254766555181
MIC,0.06474046324995042
MICT,0.2517250032603972
MIDD,0.08083708603391483
MIK,0.25044283431329956
MIME,0.12498670676912974
MIND,0.22082254096109652
MITK,0.09965716715224553
MITO,0.3970930849154333
MITT,0.061824313645910206
MIXT,0.08524426029247133
MKGI,0.2941230012731095
MKL,0.03250523461340846
MKSI,0.128600164847525
MKTX,0.09856580090462258
MLAB,0.05762851429650714
MLCO,0.12019573960117193
MLHR,0.10691263398838013
MLI,0.10787109112184869
MLM,0.049436119558400056
MLP,0.0916331171866009
MLR,0.09847045708550756
MLSS,0.3334931901193331
MLVF,0.04635101893914491
MMAC,0.05158069559342444
MMC,0.031853812656058494
MMI,0.10796191653552066
MMLP,0.22657345093020995
MMM,0.06701348568277926
MMP,0.0412634083731359
MMS,0.030291777478185043
MMSI,0.1972016023853662
MMYT,0.08064421841659032
MN,0.10965307936631398
MNDO,0.03611461725303666
MNKD,0.17771913243936344
MNR,0.051191336719939654
MNRL,0.050842421668046346
MNRO,0.07125791318034919
MNSB,0.042408415216120224
MNST,0.08626756051940786
MNTX,0.1369140366986294
MO,0.07169653722122953
MOD,0.18317308238384808
MODN,0.09726187983246806
MOFG,0.07467884328911369
MOGO,0.20805921757480708
MOGU,0.1754942644167661
MOH,0.09355306091047848
MOMO,0.1634569180508949
MOR,0.10294006187137898
MORF,0.15974513860646902
MORN,0.07305864427288823
MOS,0.13326731946139023
MOSY,0.14865569257798675
MOTS,0.16049211903928398
MOV,0.1439525304124645
MOXC,0.4638231442299245
MPAA,0.1451681466002651
MPB,0.040798824641789806
MPC,0.13253320800289217
MPLX,0.0703451979642448
MPW,0.04747778823533903
MPWR,0.10972241566859303
MPX,0.0940580824321366
MRAM,0.15433390262939048
MRBK,0.029884350527567858
MRC,0.13779982488443815
MRCC,0.09146942572392784
MRCY,0.10186572195382626
MRIN,0.22821201599170887
MRK,0.041813993145690814
MRKR,0.21882402469209583
MRLN,0.08245629557860003
MRNA,0.19956536094419766
MRO,0.10768587351472238
MRSN,0.3826298033147666
MRTN,0.08120191269518261
MRTX,0.2434436399229436
MRUS,0.12108522580482123
MRVL,0.10079858911932729
MS,0.08006383680023235
MSA,0.04802458452827714
MSB,0.09222948552273225
MSBI,0.06024289613665514
MSC,0.06631849492046055
MSCI,0.07274237051210042
MSEX,0.04207857601604264
MSFT,0.041197649498539914
MSGN,0.0699208052615546
MSI,0.07787049642072796
MSM,0.06709052604091706
MSN,0.06374563813307091
MSON,0.15115824871687128
MSTR,0.06186231128904519
MSVB,0.028600310912168896
MT,0.14687161631475665
MTB,0.0771263487641997
MTBC,0.09406598363995093
MTC,0.8476611526555234
MTCH,0.10759122686184205
MTD,0.08732422603548783
MTDR,0.15503719767262894
MTEM,0.21676856996308508
MTEX,0.05575934889787677
MTG,0.07376847223099754
MTH,0.10349651578617895
MTL,0.1179331534560292
MTLS,0.14069507575677462
MTN,0.06607193022346589
MTNB,0.37672806193914493
MTOR,0.16794941452864656
MTP,1.083274393283549
MTR,0.14499490104012747
MTRN,0.086836577190965
MTRX,0.10469839812481141
MTSC,0.10082971302767069
MTSI,0.12906429698489255
MTSL,0.14545557467891784
MTW,0.1791511496754144
MTX,0.09017729811708138
MTZ,0.08493313677717669
MU,0.11990792289575464
MUFG,0.05003979134255118
MUR,0.12981451547435252
MUSA,0.11752274912037501
MUX,0.172978170296314
MVBF,0.07334095501166267
MVIS,0.20257163829938155
MWA,0.06406216147611961
MX,0.1531498518356954
MXC,0.14015179052078436
MXIM,0.07712620821154706
MXL,0.13681619899801759
MYE,0.09632431348786812
MYFW,0.08802380052469107
MYGN,0.15216563443547798
MYO,0.18390055660666835
MYRG,0.10301833081220708
MYSZ,0.14156739684695316
NAII,0.09666160936514871
NAOV,0.13376758080033532
NAT,0.22868350543748064
NATH,0.07002788056498814
NATI,0.06771192816245356
NATR,0.08207770860274592
NAV,0.1640618607781833
NAVB,0.33824490868468904
NAVI,0.10622037647992912
NBEV,0.15632803056478756
NBHC,0.07780854354624482
NBIX,0.1372314141753563
NBLX,0.1255207704415585
NBN,0.13117004196912424
NBR,0.2577617267494901
NBRV,0.19101009891981122
NBTB,0.05769800409728751
NBY,0.9979326909832715
NC,0.12900850192056287
NCBS,0.04320308991018905
NCLH,0.07518406610305059
NCMI,0.0942554898664778
NCR,0.07153406722907157
NCSM,0.18885366146850477
NCTY,0.18177016089579534
NDAQ,0.035697795224762706
NDLS,0.11247247264378099
NDSN,0.07412925371774627
NEE,0.023102111251250425
NEM,0.08176490662036105
NEN,0.045751076334002216
NEO,0.1348238674846377
NEOG,0.06981865977702956
NEON,0.28906042345974525
NEOS,0.2392325103128088
NEP,0.05006603715790745
NEPH,0.13596633404725597
NEPT,0.19727116545481632
NES,0.28153458815606397
NESR,0.13813475628560443
NET,0.1540518243546632
NETE,0.16121470973565508
NEU,0.056292446193490026
NEW,0.1387129168745323
NEWA,0.16825082605353522
NEWR,0.15442366969720026
NEWT,0.05140639033933132
NEX,0.34429979073524475
NEXA,0.16280781491208268
NFBK,0.03932567303966617
NFE,0.1645513180094725
NFG,0.06074746009723495
NFLX,0.1076928054957149
NGD,0.28052275266674404
NGG,0.05443189351862313
NGHC,0.05557001799606811
NGL,0.11576136808172023
NGM,0.1753899048206086
NGS,0.1363043944345956
NGVC,0.09194240579000826
NGVT,0.15052004180376133
NH,0.2852932465387654
NHC,0.043795231699768
NHI,0.04675663273123543
NHLD,0.10876669544665943
NHTC,0.07591201509936994
NI,0.04336680087234376
NICE,0.05992043322961076
NICK,0.06673690752136445
NINE,0.24128749841191274
NIO,0.4001187776011776
NIU,0.11706495126945426
NJR,0.045379321895851116
NK,0.421368257430364
NKE,0.06836732295226347
NKSH,0.08784002645352551
NKTR,0.18117010369907427
NL,0.16707654674128392
NLOK,0.0486843018846938
NLS,0.20300749057026532
NLSN,0.06693874099022225
NLY,0.07094683439646048
NM,0.41064920076662165
NMCI,0.11575575438837903
NMFC,0.03844171338089772
NMIH,0.10165377971967128
NMM,0.10240096972626181
NMR,0.10418333712619308
NMRK,0.13663597265292404
NNA,0.19814711803652818
NNBR,0.20018919208126973
NNDM,0.17390571251207745
NNI,0.046343731672752256
NNN,0.04911673577297686
NOA,0.12834517052181094
NOAH,0.16852474058311456
NOC,0.0586683001351667
NODK,0.03739599413484462
NOG,0.15384242719950947
NOK,0.09929471443942049
NOMD,0.056502308257153216
NOV,0.10289855394101277
NOVA,0.05608886229190248
NOVN,0.3263696173936218
NOVT,0.10112415132834879
NOW,0.08655472452955046
NP,0.10015076019167152
NPK,0.03761275784154852
NPO,0.12212821590328624
NPTN,0.2037294932696332
NR,0.13100523574371045
NRC,0.1077175170019278
NRG,0.06524057994744367
NRIM,0.0717749296348198
NRP,0.0815292914205556
NRT,0.08042611090758833
NRZ,0.08242302915185891
NS,0.0719773501701414
NSA,0.04207863115716345
NSC,0.05956343395731881
NSEC,0.10961890622460518
NSIT,0.10507386977578721
NSP,0.12486778993323541
NSPR,0.17015141121693242
NSSC,0.16157740371882187
NSTG,0.18119803107171212
NSYS,0.18589386877609881
NTAP,0.09746621293789219
NTB,0.10899180634994653
NTCT,0.08255151696034754
NTES,0.0963260852258194
NTGR,0.15090901018010117
NTIC,0.08089504803363204
NTIP,0.07057187021640357
NTLA,0.16769918118814486
NTN,0.2448599158588158
NTNX,0.19252595013823146
NTP,0.0679624368123839
NTR,0.06362428948820402
NTRA,0.13430335513938946
NTRS,0.07506784771105202
NTUS,0.11934570814179565
NTWK,0.15221381376855944
NTZ,0.273362429722831
NUAN,0.07421249657994797
NUE,0.09532716115770133
NURO,0.283499547782334
NUS,0.10535209383459511
NUVA,0.07298093542878582
NVAX,0.30307133006428016
NVCN,0.3315710571609208
NVCR,0.19997295239083981
NVDA,0.11654480690779079
NVEC,0.0933033296613873
NVEE,0.17710552367519528
NVFY,0.20498177779803362
NVGS,0.08853976639837485
NVMI,0.07086342149659826
NVO,0.05569342216341825
NVR,0.047937062234104044
NVRO,0.14378966614299915
NVS,0.037538203774671854
NVST,0.054445938327237355
NVT,0.09971804621713984
NVTA,0.23855050464362318
NWBI,0.049303350139644916
NWE,0.03614876823114154
NWFL,0.07357100759727835
NWHM,0.14805791355747394
NWL,0.11962469998277821
NWLI,0.07288533363857272
NWN,0.025345604353077224
NWPX,0.08939676589885252
NWSA,0.07966936686364808
NX,0.10227368006788838
NXGN,0.11012199330811041
NXPI,0.09755394183577089
NXRT,0.04673755842248774
NXST,0.08502908526280163
NXTC,0.4322727038800964
NXTD,0.30128230650821347
NYCB,0.10189091083768627
NYMT,0.03650665328028951
NYMX,0.22324582231150011
NYT,0.11247018694168232
O,0.050748699353612335
OBAS,0.08203713069586605
OBCI,0.07688493422641396
OBLN,0.6613900085085955
OBNK,0.04791742842253524
OBSV,0.13564043299563158
OC,0.09422191783746336
OCC,0.1715026715453197
OCFC,0.0677034527338402
OCN,0.17252544336440157
OCSI,0.03985218979829963
OCSL,0.04703011520380675
OCUL,0.21643944865397427
ODC,0.07724901166358053
ODFL,0.07350812406117042
ODP,0.21902283278294332
OEC,0.173548248140303
OESX,0.2973713805130971
OFC,0.05471037007900621
OFED,0.05869568201556847
OFG,0.11054101771038193
OFIX,0.09194129887085893
OFLX,0.10488397063147563
OFS,0.04797450136830896
OGE,0.033889170698563335
OGI,0.09064046566465091
OGS,0.03203133150845505
OHI,0.07459181447881814
OI,0.1734808062111169
OII,0.16775518364594083
OIIM,0.11656528705122006
OIS,0.11604567482242681
OKE,0.07157639215059289
OKTA,0.14745540184097472
OLED,0.16666057131757805
OLLI,0.1377615953004584
OLN,0.10319952365328607
OLP,0.049279826540672686
OMAB,0.07864248283539343
OMC,0.04782413928029981
OMCL,0.11008886600554282
OMER,0.12411570107140746
OMEX,0.2602668942959265
OMF,0.11650636184538152
OMI,0.32635270000257344
OMP,0.11181378906616721
ON,0.12933688122589945
ONB,0.05347554200746752
ONE,0.06604353737956546
ONTO,0.05089539625873182
ONTX,0.4676799472184638
ONVO,0.2918035399628983
OOMA,0.14402455358183539
OPBK,0.0575216128377373
OPGN,0.2650620354229279
OPHC,0.08603010695451947
OPI,0.09386118613252523
OPK,0.21456142121226915
OPNT,0.10208574108172279
OPOF,0.06138148597315585
OPRA,0.24130116979728441
OPRT,0.16133661171703503
OPRX,0.16969237659409311
OPTN,0.2138101904714893
OPTT,0.1330771700399468
OPY,0.06856750812421022
OR,0.11995060562767897
ORA,0.05220755224596487
ORAN,0.05260752747612755
ORBC,0.10400710039179581
ORC,0.05906523346036374
ORCC,0.036362727555836624
ORCL,0.06742397920818047
ORGO,0.3102609957680669
ORGS,0.1922380406888262
ORI,0.03355049118820315
ORLY,0.03743394945484485
ORMP,0.14931365135997102
ORN,0.19350659566558273
ORRF,0.05746837023383674
ORTX,0.17090560399882898
OSB,0.13572542388584544
OSBC,0.06962183786252746
OSG,0.16598186931680675
OSIS,0.08389750106957712
OSK,0.11296789608996188
OSMT,0.3200334336206141
OSN,0.21776043962359326
OSPN,0.18731417695968272
OSS,0.2065661556787595
OSTK,0.3206790049794436
OSUR,0.12730403734447918
OSW,0.08713479019758857
OTEL,0.06631074104473207
OTEX,0.04692087638191522
OTIC,0.17426801642374068
OTLK,0.46796334694590197
OTTR,0.05600163303030195
OUT,0.055992871919923054
OVBC,0.06175456197864448
OVLY,0.06586220724355071
OXBR,0.21195248658788576
OXFD,0.1067647746202824
OXLC,0.0672396153231903
OXM,0.07197929345699484
OXSQ,0.06488178053612492
OXY,0.08621932436929074
OZK,0.1305282026595994
PAA,0.07489082714489786
PAAS,0.140203426052328
PAC,0.07347344201380565
PACB,0.06146799890180601
PACK,0.1791906095473543
PACW,0.07512180949565522
PAG,0.07150272563797196
PAGP,0.08330015327839767
PAGS,0.15833758166141845
PAHC,0.1286694562777453
PAM,0.27501622960939626
PANL,0.09356684098494249
PANW,0.10053473138988518
PAR,0.1048388928832827
PARR,0.06731763185462744
PATI,0.04347126872577781
PATK,0.16265162253082227
PAYC,0.1257195257488476
PAYS,0.1711219091854628
PAYX,0.039938796677200065
PB,0.07399667615195886
PBA,0.06461095014473986
PBCT,0.08558908506115753
PBF,0.13663946817501713
PBFS,0.1017783375247405
PBFX,0.03877730684568676
PBH,0.0645270013743366
PBHC,0.07356755964170868
PBI,0.19888361128140586
PBIP,0.05773962680994323
PBPB,0.163935329846494
PBR,0.10143244087699532
PBT,0.1258093377734436
PBTS,0.09084704226492854
PBYI,0.30099193090345866
PCAR,0.06597508431953458
PCB,0.033023714574116694
PCG,0.32615037684510584
PCH,0.0841442817745571
PCOM,0.09526819905781624
PCRX,0.0780240079277759
PCSB,0.02668340484043946
PCTI,0.18525793096383217
PCTY,0.1015603029346694
PCYG,0.18622507883977063
PCYO,0.059799884606658714
PD,0.13603747367853936
PDCE,0.1795881148152037
PDCO,0.09357408217929242
PDD,0.19695535930694363
PDEX,0.16803936509089623
PDFS,0.10964495472481194
PDLB,0.026480510285725692
PDM,0.05042760105759784
PDS,0.18331558559952552
PE,0.11500276093085633
PEAK,0.03623427278834225
PEB,0.06930622568142451
PEBK,0.05887241735157629
PEBO,0.045613998172411144
PED,0.3699331621075337
PEG,0.03873144571353626
PEGA,0.08590558548126417
PEI,0.1095956356366715
PEN,0.11333489937198997
PENN,0.12470783705060763
PEP,0.028468388201972054
PERI,0.22687932122705007
PESI,0.20582203615237382
PETQ,0.14107775479038848
PETS,0.12589261185364822
PETZ,0.4060677522058078
PFBC,0.08963329631078999
PFBI,0.06656126054922273
PFE,0.049831993086771074
PFG,0.08308965210099961
PFGC,0.06182229375340111
PFIE,0.12231454074425196
PFIN,0.05231981638717666
PFIS,0.05101919504431344
PFLT,0.06029813691597676
PFMT,0.13510582473447183
PFPT,0.10513723610462515
PFS,0.05294379167391212
PFSI,0.08243424155487374
PFSW,0.19781269089048187
PG,0.03410173258317299
PGC,0.05814183025597966
PGNY,0.4179135427100921
PGR,0.06531862371547133
PGRE,0.049073213007801826
PGTI,0.08505783477082822
PH,0.07731603905282644
PHAS,0.6801713735464471
PHCF,0.10177760978528656
PHG,0.05588329014542069
PHI,0.10185071832284144
PHIO,0.1711307153928797
PHM,0.04896814045601177
PHR,0.1266492948965765
PHUN,5.834662859680752
PHX,0.09693819693929173
PI,0.24997386771982902
PII,0.09764826072226444
PINC,0.09510618142880986
PING,0.1913929077717702
PINS,0.15796800030787203
PIRS,0.18322010105291642
PIXY,0.19123673084400264
PJT,0.07593397172598924
PK,0.08765262392155374
PKBK,0.08644080938299849
PKE,0.10476833674740753
PKG,0.05640323275927515
PKI,0.07739914273407489
PKOH,0.0815534235694708
PKX,0.07520500799385678
PLAB,0.12680815163526166
PLAG,0.2226437357497535
PLAN,0.1046161387591742
PLAY,0.0984060120944515
PLBC,0.09516690961848731
PLCE,0.1038994912704829
PLD,0.05620181634048581
PLIN,0.013158022023972043
PLMR,0.0970977234351337
PLNT,0.10520584772533352
PLOW,0.07731100952508561
PLPC,0.1430079220478871
PLUG,0.19760288363332287
PLUS,0.10400080958029154
PLX,0.2727328728852509
PLXP,0.788256307000035
PLXS,0.09999259258970439
PLYA,0.05860010471885358
PLYM,0.09229844175972161
PM,0.08511263240121969
PMBC,0.0643637450094101
PMD,0.13107113139341553
PME,0.13915533755962556
PMT,0.03018379493681798
PNBK,0.05683337681141144
PNC,0.06483149399205933
PNFP,0.08494240612655249
PNM,0.043837835796901065
PNNT,0.05897107586563095
PNR,0.07665466712129976
PNRG,0.19905564449876367
PNTG,0.07792811703422582
PNW,0.03618662270658994
POAI,0.231288862097759
PODD,0.1404719696001877
POLA,0.07736926331223061
POOL,0.036543558060169366
POR,0.021804528213854757
POST,0.052800403990290436
POWI,0.10447600126330304
POWL,0.10297531792427767
PPBI,0.08000866213483426
PPC,0.11045997086563242
PPG,0.057871723328344254
PPIH,0.0582807855463661
PPL,0.049363272346452075
PPSI,0.14479606379849516
PQG,0.0651339417486743
PRA,0.06317301372493565
PRAA,0.09242025674368246
PRAH,0.08523307752324406
PRFT,0.05628089486020236
PRGO,0.11237017599838976
PRGS,0.0828536798931762
PRGX,0.08657270169102575
PRI,0.07228850521096948
PRIM,0.09864121948955398
PRK,0.053015650859539645
PRLB,0.08840786907605103
PRMW,0.1360252351038608
PRO,0.13490969001273903
PROS,0.1255774248533549
PROV,0.06734422017380691
PRPH,0.124062652017188
PRPL,0.1283675375885409
PRPO,0.6861469653711002
PRQR,0.17345293230721037
PRSP,0.07303611661420215
PRTA,0.176900795398712
PRTH,0.1736944383140762
PRTK,0.227197723569875
PRTS,0.13702080438385988
PRTY,0.24816794230464115
PRU,0.10346301660405328
PS,0.1773523193309953
PSA,0.05549526641293313
PSB,0.04618787833272695
PSEC,0.04358704146841922
PSMT,0.10382171009417437
PSN,0.08478849154949093
PSNL,0.2249625931934018
PSO,0.042267841870909886
PSTG,0.1337348355147286
PSTI,0.22079902127670317
PSTL,0.0535049209899693
PSTV,0.45418802407769404
PSX,0.08410597493471969
PSXP,0.0628176122945338
PT,0.37940775064049936
PTC,0.09722950523827009
PTCT,0.12373858381682096
PTE,0.18642414130952145
PTEN,0.1349457340770951
PTGX,0.24360611241802665
PTMN,0.07586950513070306
PTN,0.1747564491577991
PTNR,0.09623364962077106
PTON,0.35240291188969103
PTR,0.06300982988247295
PTSI,0.09435194776650524
PTVCB,0.08951720430999435
PUK,0.10272198519068423
PULM,0.1666351574113793
PUMP,0.21790400239256041
PUYI,0.45626151238464957
PVAC,0.1544515927052286
PVBC,0.07344523038348598
PVG,0.11974448009204915
PVH,0.14591067071294514
PW,0.18334976119847518
PWFL,0.03600636241462519
PWOD,0.10537968540915188
PWR,0.09326605536212307
PXD,0.09864685033015805
PXLW,0.1685711342649033
PXS,0.1223886790390836
PYPL,0.04943963164603328
PZN,0.1210407027659842
PZZA,0.08323912482953172
QADA,0.07611501626958833
QCOM,0.17646563792979555
QCRH,0.060653556439982825
QD,0.2024190550138424
QDEL,0.10355345404347135
QEP,0.2261573313471914
QFIN,0.1823036678973043
QGEN,0.15759280645334325
QIWI,0.11562827267987627
QLYS,0.07508695298220268
QNST,0.15946410101704472
QRHC,0.1312188551218051
QRTEA,0.12999428741283095
QRVO,0.1092711112199488
QSR,0.07473303196023628
QTNT,0.17672008790122923
QTRX,0.16087638089998565
QTS,0.04371853781578245
QTT,0.3158542419564423
QTWO,0.10668567544384341
QUAD,0.2522805865566426
QUIK,0.2646928340345511
QUMU,0.1592671973174516
QUOT,0.1282498363355031
QURE,0.24614683734398657
R,0.11162356504147401
RACE,0.08198264550403889
RAD,0.2647120812534161
RADA,0.1319752957140487
RAIL,0.18668920550936977
RAMP,0.14155854639268728
RAND,0.07917520621146994
RARE,0.14671908398354216
RAVE,0.2686099203693166
RAVN,0.09777081718906815
RBA,0.05701171401935081
RBB,0.07743675800578799
RBBN,0.1602093936202925
RBC,0.08460921513730946
RBCAA,0.05902450338393112
RBCN,0.058421332166284375
RBKB,0.038496291443108226
RBNC,0.051766518578394594
RC,0.05888441806772181
RCI,0.03928785263766382
RCII,0.07433876691793313
RCKY,0.11661801026775669
RCL,0.0868634908767513
RCM,0.13047519566208973
RCMT,0.15329130907847455
RCON,0.20718863278862135
RCUS,0.1346458182033853
RDCM,0.10857182255508019
RDFN,0.11950520377369526
RDHL,0.17028096594950642
RDI,0.05634581990841481
RDN,0.0656541303150399
RDNT,0.12287583426551771
RDUS,0.14790799725697112
RDVT,0.1795028219308864
RDWR,0.06377420698406974
RDY,0.04479293778514915
RE,0.054120840617211737
REAL,0.4054824154346277
REDU,0.10414636232736468
REED,0.2743306899670321
REFR,0.25532781945835054
REG,0.0437751458654095
REGI,0.23513006100950457
REGN,0.10664359682531768
REI,0.22259835409741646
REKR,0.5620398712509194
RELL,0.0781637412212144
RELX,0.04179026024413735
RENN,0.13651748724269944
REPH,0.2151837915036853
RES,0.17200319588281351
RESI,0.10531465175569943
RESN,0.42333691245034655
RETA,0.46570558471839424
RETO,0.18889921492826578
REV,0.17534969416955382
REVG,0.14003565633978782
REX,0.1004296579188487
REXR,0.05019975644695235
REZI,0.19205690598793654
RF,0.0875243435554395
RFIL,0.09699825418996733
RFL,0.3753582786275869
RFP,0.1417160428484679
RGA,0.02861362218128515
RGCO,0.049559495715205314
RGEN,0.09967878605284926
RGLD,0.07966482633489949
RGLS,0.22116708996064285
RGNX,0.14072092451114981
RGR,0.10275052128674078
RGS,0.12688042007327094
RH,0.18220868747647986
RHE,0.3171534733596391
RHI,0.07917109462438124
RHP,0.06806522765628215
RIBT,0.14565840313326703
RICK,0.1142337494940846
RIG,0.17404134067174437
RIGL,0.14087675026416682
RILY,0.0972987989301123
RIO,0.07026114705155333
RIOT,0.34168453279690075
RIVE,0.07080923540304356
RJF,0.06442005532511526
RKDA,0.8362675654994555
RL,0.10803034051468918
RLGT,0.11173159455656004
RLGY,0.2578116366273
RLH,0.16750464086838598
RLI,0.051231502687370596
RLJ,0.060900103869829816
RM,0.08113100811925715
RMAX,0.17430381158359154
RMBI,0.04362029526264122
RMBL,0.19807505255645505
RMBS,0.0633878469833281
RMCF,0.06130429282462422
RMD,0.07304379431811003
RMED,0.21053355483426273
RMNI,0.06002245423097169
RMR,0.11081552880305863
RMTI,0.24034223880825367
RNDB,0.03652635139297837
RNET,0.19406260980515116
RNG,0.11431128565801313
RNGR,0.25187686863641007
RNR,0.045685063901889165
RNST,0.08171827337886385
RNWK,0.15132430461126636
ROAD,0.12395118905840485
ROCK,0.08596898343478655
ROG,0.1520185705821526
ROIC,0.045281131403425004
ROK,0.08594967704929896
ROKU,0.2821451717702657
ROL,0.06351206331531184
ROLL,0.06951925106580192
ROP,0.05836042120768046
ROST,0.0437006026325378
RP,0.07627364183568781
RPAI,0.06993453161799819
RPAY,0.039449525376105604
RPD,0.1203552112059309
RPM,0.06596716564712442
RPT,0.05659661033671593
RRBI,0.08176629644268096
RRC,0.1993630034892192
RRD,0.26110836781971825
RRGB,0.1335692778122853
RRR,0.11343967319678078
RS,0.07462837009917267
RSG,0.020558116323921283
RTLR,0.0907635330901128
RUHN,0.3505905403226309
RUN,0.12990637925838255
RUSHA,0.07856028270041865
RUTH,0.07760982038547153
RVI,0.06352767040950809
RVLV,0.17707382993166063
RVNC,0.15809756057046973
RVP,0.15092032425241655
RVSB,0.07727281238587559
RWLK,0.3102788292876117
RWT,0.03985426008283179
RXN,0.08911913718584803
RY,0.05669157298040357
RYAAY,0.08955523972738161
RYAM,0.23868366478909173
RYB,0.12952135340517829
RYI,0.12636575379678147
RYN,0.08018078189727942
SABR,0.049869705362999936
SACH,0.04884236952245644
SAFE,0.09058158847975208
SAFM,0.10086909387899595
SAFT,0.0451434571124167
SAGE,0.23727371450268467
SAH,0.1570685395950289
SAIA,0.08410792871008961
SAIC,0.05167183865481948
SAIL,0.17689551199858752
SAL,0.08237640626375867
SALM,0.17183875787182534
SAM,0.1111064572654683
SAMG,0.06431416550312719
SAN,0.07840222191091387
SAND,0.09711667179921303
SANM,0.13792929572097196
SANW,0.13828214274205233
SAP,0.06989167875752773
SAR,0.05365715732843273
SASR,0.07043301444118893
SATS,0.07208991467746752
SAVE,0.06921021463294186
SB,0.1507668659864084
SBAC,0.05938606604680218
SBBP,0.15566795276278306
SBCF,0.09771517913299049
SBFG,0.055556878480049345
SBGI,0.12058602715033577
SBH,0.11104314569557949
SBLK,0.14692231093034722
SBNY,0.09675057316140616
SBOW,0.14165307211386363
SBR,0.07455435948775085
SBRA,0.08882400591192914
SBS,0.161809913503375
SBSI,0.04566062429888181
SBT,0.11222170113295486
SBUX,0.05865229037940462
SC,0.05519759491048062
SCCO,0.09306313329047604
SCHL,0.06406128643563036
SCHN,0.10226066135079274
SCHW,0.09938473629235786
SCI,0.0434838697707831
SCKT,0.13022762951506733
SCL,0.07458395277699424
SCM,0.0481546013204692
SCOR,0.37577225413470494
SCPL,0.16086866120993298
SCS,0.11300033630397127
SCSC,0.10906439276812019
SCU,0.12926052476813382
SCVL,0.1234238023901976
SCWX,0.20687584122899547
SCX,0.10848907551328507
SCYX,0.35080631705111825
SD,0.1581764219007793
SDC,0.01751249709017343
SDPI,0.21836343628948396
SE,0.16659566777807955
SEAC,0.1527826791268625
SEAS,0.09357613678451976
SEB,0.053996158337815334
SECO,0.09948030599418647
SEDG,0.12406306220295484
SEE,0.07296573620184527
SEED,0.10443659406588923
SEIC,0.05722671506802809
SELB,0.22175553737816509
SELF,0.06163272186761352
SEM,0.07894504736360872
SENEA,0.10167780351947742
SENS,0.16997963932213567
SF,0.09423981429258821
SFBC,0.020746718574417032
SFBS,0.06363280255443586
SFET,0.20121803353054993
SFIX,0.1998849460980711
SFL,0.046704023686888634
SFM,0.0549269565703702
SFNC,0.06934770182598307
SFST,0.0693237069234332
SFUN,0.219238422922432
SG,0.11665495967349285
SGA,0.05023828921221041
SGBX,0.24718390629117348
SGC,0.07662066551579498
SGEN,0.13608483482494782
SGH,0.22268474835167082
SGLB,0.3449749099388178
SGMA,0.20021209296658532
SGMO,0.18115450670093913
SGMS,0.18284173495202113
SGOC,0.1022733252904671
SGRP,0.19409911730091003
SGRY,0.2584601661031799
SGU,0.031797325348735445
SHAK,0.1502900787038539
SHBI,0.04612291055323282
SHEN,0.0955967896398961
SHG,0.0498481303767815
SHI,0.08792857022722789
SHIP,0.3094534661407352
SHLX,0.09431089038291485
SHO,0.04739217317708663
SHOO,0.08256044715838466
SHOP,0.11135597411931075
SHSP,0.1963814606091158
SHW,0.050077234654445156
SIBN,0.12932305436914038
SIC,0.2204357714533701
SID,0.15349952247897294
SIEB,0.16609733099827342
SIEN,0.1626343980360411
SIF,0.16282657670709508
SIFY,0.08616320551491838
SIG,0.19336236978737065
SIGA,0.0792793162874151
SIGI,0.06149095667601715
SILC,0.07994403719207693
SILK,0.12709674614329938
SIM,0.07537163051351053
SIMO,0.11418434384190357
SINA,0.14477536804137348
SINO,0.1524180518051695
SINT,0.29392998246057295
SIRI,0.0528461348125744
SITC,0.06980669346564168
SITE,0.07754444020410607
SIVB,0.12441888595495751
SIX,0.09851548038698683
SJI,0.05300451996220929
SJM,0.05700622584712422
SJR,0.04399797225380926
SJT,0.13139858675762656
SJW,0.033829848660971606
SKM,0.04067633900461277
SKT,0.07988541412941906
SKX,0.1319779280840401
SKY,0.09653760398210667
SKYW,0.06111056998216802
SLAB,0.11464374090472096
SLB,0.12652689273455112
SLCA,0.2648916516521282
SLCT,0.05300347093923246
SLF,0.045504084596796626
SLG,0.05945504218869155
SLGG,0.16402399009210003
SLGL,0.31610293357514196
SLGN,0.05148683195966153
SLM,0.10200673285577327
SLP,0.12850563218747071
SLRC,0.02941905448803032
SM,0.189818562687185
SMAR,0.14056022756302075
SMBC,0.06534426514512241
SMBK,0.05820706214312257
SMED,0.08399332289894275
SMFG,0.055523340606301166
SMG,0.08097728868564807
SMHI,0.07994559141274354
SMIT,0.13347871217936066
SMLP,0.17982051202971475
SMMF,0.07789059277208232
SMP,0.06499408996925658
SMPL,0.0833395353416954
SMSI,0.31725637492072706
SMTC,0.14270327933406776
SMTS,0.11511591921199574
SMTX,0.22788315793199945
SNA,0.0649832315649875
SNAP,0.14718898737118905
SNBR,0.14536090298171336
SNCA,0.406890455098175
SNCR,0.18736097922556777
SND,0.2060259254387146
SNDL,0.2903089674850744
SNDR,0.08845326123730629
SNDX,0.1741923664567075
SNES,0.24600223439980576
SNFCA,0.06206769459666965
SNGX,0.29062499569141736
SNMP,0.28929284033070374
SNN,0.04681929935489567
SNOA,0.16939535218526422
SNP,0.07993439510164038
SNPS,0.05830964575976077
SNR,0.11085799418102833
SNSS,0.45021182224494466
SNV,0.09614363949226272
SNX,0.14631146935903555
SNY,0.046039787245776495
SO,0.02762543381258172
SOGO,0.12885861374422483
SOHO,0.05947871058921891
SOHU,0.16070230140200703
SOI,0.14981601920193702
SOL,0.24818824607122128
SOLO,0.6372852576890413
SON,0.04693162189074073
SONM,0.3007297166953519
SONO,0.13448060639656514
SP,0.07662998954850865
SPB,0.13637255035702303
SPCB,0.13219794879397084
SPCE,0.4468295391861793
SPFI,0.07542409064180262
SPG,0.04350851219145096
SPGI,0.04776271715747705
SPH,0.06650923306573626
SPI,0.5936849113549335
SPKE,0.1291678085538578
SPLK,0.1297273457674934
SPLP,0.025715348658511085
SPNE,0.08663597164568783
SPNS,0.05845506491858823
SPOK,0.0651528909256504
SPOT,0.12730532700225675
SPR,0.0984146316422143
SPRO,0.22747116674392145
SPRT,0.11026312316028693
SPSC,0.08587947450439783
SPTN,0.1338694891536722
SPWH,0.17220767519399272
SPWR,0.16617223524239708
SPXC,0.09841322667799407
SQ,0.14681023881566857
SQBG,0.3523677861507602
SQM,0.10463253666855722
SQNS,0.1337974589373465
SR,0.04567673388483861
SRAX,0.3986436301009754
SRC,0.04681509480626625
SRCE,0.06118220215576412
SRCL,0.11650122413623995
SRDX,0.1195078392269602
SRE,0.027536537424957055
SREV,0.16662845686700334
SRG,0.08768144963635885
SRI,0.0979261428094942
SRL,0.13562212407378715
SRLP,0.11679206639264994
SRNE,0.5040507754555646
SRPT,0.22287440006103926
SRRK,0.2379821740062688
SRT,0.11391813577089098
SRTS,0.14039614259040437
SSB,0.07717169709922313
SSBI,0.04932505686023232
SSD,0.07993956642757569
SSKN,0.17150362906541092
SSL,0.11648914531987974
SSNC,0.11627501221369729
SSNT,0.2742248421527847
SSP,0.1442040740506682
SSRM,0.10859037729202455
SSSS,0.04385289378934987
SSTI,0.2494085234757091
SSTK,0.08565384664485656
SSY,0.11736341450254831
SSYS,0.18685852387663793
ST,0.08853021031554795
STAA,0.1608649949381374
STAF,0.2086566161334578
STAG,0.040722271896923554
STAR,0.09554177163605489
STAY,0.06267374800063395
STBA,0.05420681054242002
STC,0.05199848132397714
STCN,0.08515403815701855
STE,0.04753180301100804
STFC,0.031152977725640327
STG,0.2954099114975151
STIM,0.1831717804101625
STKL,0.24737372771888666
STKS,0.10325828156804838
STL,0.09247201080830793
STLD,0.13146830390777223
STM,0.11920258892843907
STMP,0.2964363917051586
STN,0.08868861975763943
STND,0.04306754003456418
STNE,0.201801815783719
STNG,0.1026053128719242
STON,0.2704066051655807
STOR,0.058852812529275614
STRA,0.12592666990328863
STRL,0.14040146262347342
STRM,0.2194893650715568
STRO,0.16246713552506456
STRS,0.08229734691344809
STRT,0.11334430117432888
STT,0.1067734591265119
STWD,0.039025596303948876
STX,0.07552729137461746
STXB,0.04395977649691921
STXS,0.12462666072848673
STZ,0.0934709349185374
SU,0.07180204767712957
SUI,0.05016273550307554
SUM,0.14763558039089378
SUMR,0.15647873891469513
SUN,0.05292136033232935
SUNS,0.042778493794584836
SUNW,0.5843615422953848
SUP,0.17944156357171157
SUPN,0.11664826210147947
SUPV,0.304762222117046
SURF,0.22591184335642292
SVBI,0.04857390650588466
SVC,0.06497798395033505
SVM,0.14905481104695154
SVT,0.08521347686661405
SVVC,0.1060287997255577
SWAV,0.2218146586906009
SWCH,0.09760255947972073
SWI,0.09366863378598693
SWIR,0.10851829902032722
SWK,0.07505682469222096
SWKS,0.12710406594741033
SWM,0.11262961618979533
SWN,0.209940865168984
SWX,0.048379953179039564
SXC,0.16808525035688848
SXI,0.0762027271326097
SXT,0.06310952460291601
SXTC,0.16027801197634975
SY,0.1588146872164746
SYBT,0.04759542122840274
SYBX,0.22893518224617834
SYF,0.09421334734731784
SYK,0.06065664188843476
SYKE,0.0706736000118063
SYNA,0.1631766853029163
SYNC,0.12932517059710263
SYNH,0.15223265542632933
SYNL,0.0929364928335718
SYPR,0.16552017645617506
SYRS,0.32024514523591807
SYX,0.0819185346236051
SYY,0.0373814474410486
T,0.03639050694008068
TA,0.2510381220661817
TAC,0.12691216709858472
TACO,0.10616913187367884
TACT,0.11342937035321704
TAIT,0.2837557335681305
TAL,0.1151237900641187
TALO,0.1469891772029853
TANH,0.1291844241444683
TAOP,0.12007212404933834
TAP,0.09300329321291247
TARO,0.09821311560484479
TAST,0.13610977273651723
TATT,0.06497560092292687
TAYD,0.040476088672726576
TBBK,0.11173017897419685
TBI,0.07140058098370493
TBIO,0.29150768776997976
TBK,0.0758897821682068
TBLT,0.432633996389733
TBNK,0.06648501146801071
TBPH,0.1864300047640758
TC,0.27030619237028164
TCBI,0.10020364581475157
TCBK,0.052052664013273985
TCCO,0.4899145822233306
TCF,0.08478557897783125
TCFC,0.045531914691951524
TCI,0.1025650511361847
TCMD,0.22382485297435675
TCOM,0.0010231835123769343
TCP,0.05974728924825922
TCPC,0.036575341591954844
TCS,0.20749254130492073
TCX,0.14289152387639967
TD,0.0623241322231095
TDC,0.11214239926701958
TDG,0.07398559411190066
TDOC,0.12565087741626504
TDS,0.09909438048969459
TDW,0.13829784763679331
TDY,0.050497875619508324
TEAM,0.06949213790760576
TECH,0.07229789266444561
TECK,0.10331477388133566
TEDU,0.42689695567228536
TEF,0.05803744547892935
TEL,0.08006118166638675
TELL,0.18833307627928286
TEN,0.2576283727751815
TENB,0.1357153278055064
TEO,0.17536367953611992
TER,0.1039580089585636
TESS,0.13984109553419746
TEVA,0.20242071444836834
TEX,0.11132106134261822
TFSL,0.03279797063971082
TFX,0.05696130491907057
TG,0.07529519675186137
TGA,0.12104085765793375
TGB,0.17213286696795027
TGC,0.0648961348778441
TGH,0.15912872894828567
TGI,0.23636965401372528
TGLS,0.08578751783661875
TGNA,0.06633184984171814
TGP,0.07351576662165536
TGS,0.21804243803561535
TGT,0.08376704646540835
TGTX,0.2643916365737607
THC,0.16835116910815714
THFF,0.058013581065322346
THG,0.02790669645606425
THMO,0.5102128979651533
THO,0.1551138195709896
THR,0.09713890860417676
THRM,0.09212929537977722
THS,0.10871325909526232
THTX,0.1755986553991801
TIF,0.1256422559589208
TIGO,0.04427870099967006
TIGR,0.24057775473800105
TILE,0.14184871796354565
TIPT,0.04728310655140497
TISI,0.0817497206476554
TITN,0.19568913165457016
TJX,0.04462939164257523
TK,0.16661522308134682
TKAT,0.16447490406874918
TKC,0.10230452571119435
TKR,0.09667656897579588
TLC,0.04606064488028667
TLGT,0.2391177839462303
TLK,0.05106858006611988
TLND,0.14529571251330853
TLRY,0.16603596300801823
TLYS,0.16919103407901753
TM,0.03395029470573209
TMDX,0.12019666959612484
TME,0.12103690959585489
TMHC,0.08481771897227071
TMO,0.04596418795987379
TMP,0.0484692422879675
TMST,0.23321847720517672
TMUS,0.04520495417506467
TNAV,0.2374597543433796
TNC,0.10081639453267599
TNDM,0.18014116364696695
TNET,0.12249475436993831
TNK,0.1806765818406084
TNP,0.11139928220376985
TOL,0.06489538989626212
TOPS,0.2696080961231534
TOUR,0.10233206803029077
TOWN,0.058247230084942085
TPB,0.20285752053064465
TPC,0.19504069793256668
TPCO,0.13869571082507462
TPH,0.08428184687952824
TPHS,0.07564247729881349
TPIC,0.1728761154770866
TPL,0.13096188786645316
TPR,0.15169367717152282
TPVG,0.0719824353453148
TPX,0.09917751046340949
TR,0.03890510699202106
TRC,0.06933329251914591
TRCH,0.32764411945266025
TREC,0.06778430798758707
TREE,0.15100221802974126
TREX,0.11711125643113385
TRGP,0.08825097484069698
TRHC,0.10485603154267659
TRI,0.033053387009319916
TRIB,0.23971954083449581
TRIL,0.6809209779972637
TRIP,0.1061793046877295
TRMB,0.07144547944406578
TRMD,0.0921465491352654
TRMK,0.07275880333802788
TRMT,0.17779152917894564
TRN,0.08401207842756717
TRNO,0.05306751238002914
TRNS,0.08603423699670998
TROW,0.04541354498476565
TROX,0.2422718791024681
TRP,0.055012150665268315
TRQ,0.2684991570335506
TRS,0.06022802634307235
TRST,0.06946559560870927
TRT,0.11133121044647486
TRTN,0.08102318779003385
TRTX,0.02924588452516167
TRU,0.05522055824435481
TRUE,0.21692881652514498
TRUP,0.17888266766766844
TRV,0.047659125848349214
TRVG,0.17075633662750841
TRVN,0.4656431078455073
TS,0.09647187506572559
TSBK,0.14114951135543752
TSC,0.08227716049519158
TSCO,0.06253756885331675
TSE,0.11560806264935797
TSEM,0.11735297296733786
TSLA,0.16792335600388072
TSLX,0.032854403249470046
TSM,0.0638474638040114
TSN,0.07896669860305136
TSQ,0.16450394377035463
TSRI,0.12717258420172745
TTC,0.06261864775180914
TTD,0.17841387131311234
TTEC,0.08550130409793157
TTEK,0.05261217109179609
TTGT,0.07385917043875807
TTI,0.2519945530384746
TTM,0.18288262391158946
TTMI,0.15028650375469715
TTNP,0.2881040561881823
TTOO,0.5463329052914574
TTWO,0.07800976428331186
TU,0.0273294316304314
TUFN,0.12256574786153408
TUP,0.1659998569246143
TURN,0.04359281892141355
TUSK,0.26089712324945424
TV,0.08644696354132488
TVTY,0.1689781619335003
TW,0.09901182905511485
TWI,0.20851296627313787
TWIN,0.138336530095885
TWLO,0.10807769133314014
TWNK,0.05012874641542334
TWO,0.06960562682774528
TWOU,0.3068266232565102
TWST,0.10570819481979912
TWTR,0.13935575985386098
TX,0.08526867531243745
TXG,0.028224825107223128
TXMD,0.22959867751176516
TXN,0.06969422825435186
TXRH,0.05869220473922848
TXT,0.0987406260352896
TYHT,0.5091754029784482
TYL,0.05680367249030967
TZOO,0.1429509024617501
UAA,0.1113570036564083
UAL,0.07986993032633329
UAMY,0.1521448977732969
UAN,0.09434457622359965
UAVS,0.23468617769590766
UBA,0.057791781590150304
UBCP,0.04631749171675662
UBER,0.11638982449059875
UBFO,0.05039112314232988
UBOH,0.06851324922431228
UBS,0.061296356190765136
UBSI,0.06397990285853739
UCBI,0.08647452580647405
UCTT,0.18704376140380446
UDR,0.040321571487007025
UE,0.08984583256722023
UEIC,0.06327826546271394
UEPS,0.202997156653098
UFAB,0.22215422650374508
UFCS,0.06704347443648152
UFI,0.10482940775384895
UFPI,0.1253482003918575
UFPT,0.06755357697054355
UFS,0.13512601822574902
UG,0.04038792569446363
UGI,0.04908725771583299
UGP,0.1339890704996629
UHAL,0.06727933573762047
UHS,0.07717294898586059
UHT,0.05134660604957844
UI,0.2695941473572822
UIHC,0.10188397035141583
UIS,0.21784298576454234
UL,0.040212174453331306
ULBI,0.16231042284431862
ULH,0.15084191584416407
ULTA,0.12584366396506227
UMBF,0.06674420775022014
UMC,0.07150132465201205
UMH,0.06739894771636072
UMPQ,0.07191918483501696
UNAM,0.051586523095287266
UNB,0.10740394761395229
UNF,0.057326629270679066
UNFI,0.22407291574576924
UNH,0.07916382510951386
UNIT,0.21093162300483667
UNM,0.12734212216353877
UNP,0.06294597938221602
UNTY,0.09761796022012485
UNVR,0.08544726346607542
UONEK,0.11526426119455793
UPLD,0.10468450471264515
UPS,0.07497908155066864
UPWK,0.14972137247071693
URBN,0.10613402694402987
URG,0.1262882730008526
URGN,0.15634089415750985
URI,0.1506719283261323
USAC,0.07167683667346901
USAK,0.11199555810790675
USAP,0.11578305584658855
USAS,0.18981250994615873
USB,0.06639066222876709
USCR,0.14755177540666561
USDP,0.050878776717460016
USEG,0.18947503669557075
USFD,0.052618167046715535
USIO,0.09479736873440459
USLM,0.07381912568933527
USM,0.11060276646986673
USNA,0.09898091842198219
USO,0.0846079196405485
USPH,0.07825365106420779
USWS,0.18276950455564284
USX,0.1655254086627479
UTHR,0.0909304135482766
UTI,0.18165112688103954
UTL,0.030810686370621277
UTMD,0.08657462008194626
UTSI,0.09692858731150755
UUU,0.11873771078369127
UUUU,0.1446335921790165
UVE,0.09899197278735955
UVSP,0.06633506104360719
UVV,0.07533475259114943
UXIN,0.20928982096798354
V,0.03914614149297321
VAC,0.09977534957502371
VALE,0.07532443529095664
VALU,0.15537601511180138
VAPO,0.19577510778075996
VAR,0.0937108055769386
VBFC,0.02988430949917404
VBIV,0.30451390246367915
VBLT,0.14893211153171584
VBTX,0.09627007893275925
VC,0.188736504171099
VCEL,0.1065709008926011
VCNX,0.20310690207620327
VCRA,0.10220834860180987
VCTR,0.11369091635285343
VCYT,0.17654975770346307
VEC,0.1625170166177479
VECO,0.1513821858406778
VEDL,0.0943164171468798
VEEV,0.08475547558297018
VEON,0.10454255941043022
VER,0.048588075877885425
VERB,0.3391016700519182
VERI,0.2626369615554151
VERO,0.6614397039371767
VERU,0.20780603648746296
VERY,0.21822038838217359
VET,0.14741592740977258
VFC,0.08270399711690866
VFF,0.13838769516607238
VG,0.12127145948380987
VGR,0.09013496255107302
VHC,0.3698816714858608
VHI,0.3178219372398306
VIAV,0.0913791323895404
VICI,0.04657990128824585
VICR,0.1368913187081602
VIE,0.38644092698626004
VIOT,0.20519316185221448
VIPS,0.1544695532431926
VIR,0.14480344797172476
VIRC,0.07677897478313968
VIRT,0.052980800832099606
VISL,0.14369242459136267
VIST,0.3903490371549544
VIVE,0.3957558209944229
VIVO,0.126227672757763
VJET,0.1407313020594781
VLGEA,0.08924927136970211
VLO,0.12409143217618968
VLRS,0.13192131667511303
VLY,0.07050014963598991
VMC,0.046761664361726775
VMD,0.1772182162991435
VMI,0.08350359178715643
VMW,0.10127350484803291
VNCE,0.21250641946531806
VNDA,0.1276637857039839
VNE,0.153518524261658
VNET,0.10061500829410454
VNO,0.05304348271929761
VNOM,0.10224453889469051
VNRX,0.24630894120835692
VNTR,0.2551194168456394
VOC,0.1464493456954615
VOD,0.059236693876551234
VOLT,0.03642631982852509
VOXX,0.13415340465190204
VOYA,0.08040869085712106
VPG,0.09614717147303475
VRA,0.13177640313904895
VRAY,0.24783773957869545
VREX,0.11621959838673615
VRNS,0.11393387817169406
VRNT,0.10539173214366686
VRRM,0.06193430048605513
VRS,0.19794076641480093
VRSK,0.04761000189250727
VRSN,0.057650700329197814
VRTS,0.10852189069184767
VRTU,0.12062176248077995
VRTV,0.21753349808671055
VRTX,0.09184440197961127
VSAT,0.09186960724507119
VSEC,0.11115297325948705
VSH,0.120403691757304
VST,0.08745229423931482
VSTM,0.16871004306697066
VSTO,0.1482063884098026
VTNR,0.22407212344383398
VTR,0.06928217051874082
VTSI,0.17274819857629792
VTVT,0.1594499615256945
VUZI,0.36086366120268476
VVI,0.05918591736132435
VVPR,0.21568046527816576
VVV,0.08631059123266287
VXRT,0.2348118753367934
VYGR,0.1945472246036741
VZ,0.032964064515220756
W,0.2011500108296986
WAB,0.08956281525525518
WABC,0.05052943853354351
WAFD,0.06272504038888997
WAFU,0.1226977499479339
WAL,0.10136787341923414
WASH,0.060804475256137545
WAT,0.09152319827417162
WATT,0.15825018718153994
WB,0.15948672212691528
WBA,0.08209694836921698
WBK,0.05329412985775689
WBS,0.0975247396974768
WBT,0.1088750266223744
WCC,0.08969637362196879
WCN,0.04420826814446969
WD,0.08250583963735629
WDAY,0.07792863160547292
WDC,0.16191616494880082
WDFC,0.052718624917115535
WDR,0.07276018018681772
WEC,0.044881446225533486
WEI,0.15964706729730047
WEN,0.07956043887053872
WERN,0.055927874060067655
WES,0.11100613727818946
WETF,0.10295803953343413
WEX,0.07936975820172316
WEYS,0.11309589190473399
WF,0.05403330240182409
WFC,0.04845750840747599
WGO,0.14026711143894083
WH,0.06287410944365998
WHD,0.10591912319469668
WHF,0.05020008658630708
WHG,0.10449594794677665
WHLM,0.06006614746185318
WHLR,0.35891139401035255
WHR,0.12237280751578536
WIFI,0.12857827145562017
WILC,0.05940608995583625
WINA,0.0719673272704673
WING,0.0851341489046534
WIRE,0.08429099676333209
WISA,0.14118872163631008
WIT,0.07710059542434079
WIX,0.09271415378953254
WK,0.09703670389564878
WKHS,0.4719504385022298
WLDN,0.11562341006313898
WLFC,0.08427703001568786
WLK,0.11010871557692425
WLKP,0.07589339318092947
WLL,0.31819757851976327
WLTW,0.04295696580432138
WM,0.031942552483704895
WMB,0.0917500368833218
WMC,0.05983004301801796
WMK,0.06913557342373598
WMS,0.057252661987337874
WMT,0.03068321700371344
WNC,0.10392002391218494
WNEB,0.04987683563288674
WNS,0.06208985792650304
WOR,0.09617898242906768
WORK,0.0789912763639125
WOW,0.1230117098520595
WPC,0.059884908920563966
WPG,0.1282652400950031
WPM,0.07425479039928955
WPP,0.07188531784909316
WPRT,0.1877584298260667
WPX,0.14538227938271966
WRB,0.03740145382160561
WRE,0.05885517395879225
WRI,0.06237192175825739
WRK,0.07423587739393245
WRLD,0.1391247945572825
WSBC,0.073129704180157
WSBF,0.03907514629880133
WSC,0.0847137069197384
WSFS,0.07126711922057745
WSG,0.11605014313562909
WSM,0.042014260958379214
WSO,0.039628354219567515
WSR,0.06828708189073183
WST,0.061698407103106034
WSTG,0.09311524820138785
WTBA,0.05860119409865194
WTER,0.19604689184731397
WTFC,0.07983445712601833
WTI,0.1904296843688258
WTM,0.02527203809279411
WTRE,0.1503341180961594
WTRH,0.24143535628533944
WTS,0.06252883728347046
WTT,0.07959544934052257
WTTR,0.1645239504035396
WU,0.032074362772195865
WVE,0.2848643062440458
WVFC,0.04493669741973062
WVVI,0.020313938333224816
WW,0.1863148124371758
WWD,0.07761889704931084
WWE,0.0901715763273331
WWW,0.08962059499254722
WY,0.09179880762049937
WYNN,0.14574912244914878
WYY,0.09198597600173858
X,0.1805390608699906
XAIR,0.09390884751378152
XBIO,0.33736257597026886
XCUR,0.17204218501199062
XEC,0.12875446260024262
XEL,0.03269706938864798
XELA,0.2752651034294444
XELB,0.29551709356973155
XENE,0.15389297222351603
XENT,0.14233077979989772
XERS,0.1268048204266078
XGN,0.22589618682704674
XHR,0.05349178179841924
XIN,0.09124232402994985
XLNX,0.12702408909298077
XLRN,0.0802072789032305
XNCR,0.13837123202425095
XNET,0.4408986713875371
XOM,0.061171085131821436
XOMA,0.21160006737253323
XONE,0.1861637779445993
XPEL,0.3136704184637117
XPER,0.09872855510987354
XPL,0.1711688630506746
XPO,0.1360144485875239
XRAY,0.07027445734916561
XRX,0.1480400860930047
XSPA,0.22091764973749353
XTNT,0.27066955540737175
XXII,0.22541550285980308
XYF,0.1908055735907509
XYL,0.06363387678959005
Y,0.03962079280896088
YELP,0.09738760464166325
YETI,0.20458619486281807
YEXT,0.13342853476935498
YI,0.35242152149098777
YJ,0.21619031455024376
YNDX,0.10403717437892093
YORW,0.05951910678144125
YPF,0.19439320068239388
YRD,0.15726646551139556
YTEN,0.2967323547759475
YTRA,0.17665753842553164
YUM,0.047709814056788494
YUMC,0.08810980334524575
YVR,0.3586668806758155
YY,0.1215597876725376
Z,0.1762394428985017
ZAGG,0.11915262719900155
ZBH,0.06258524936503275
ZBRA,0.1052336839472687
ZDGE,0.10953068658461412
ZEAL,0.13152159015872178
ZEN,0.08861629478667958
ZEUS,0.18378451588821393
ZGNX,0.1549308754189781
ZION,0.09045133795532873
ZIXI,0.16467750329595077
ZKIN,0.1261065775931817
ZLAB,0.11888233875432032
ZM,0.10517509907148379
ZNGA,0.07505834348065912
ZNH,0.11935415242309905
ZS,0.19848408058299988
ZTO,0.07256493531480906
ZTS,0.05634486977392803
ZUMZ,0.17041289151483513
ZUO,0.15157371768346373
ZVO,0.16414538168681783
ZYME,0.1331895363009445
ZYXI,0.17496073374573062
